{
  "type": "FeatureCollection",
  "features": [
    {
      "type": "Feature",
      "geometry": {
        "bbox": [
          67.67692555200006,
          25.99164587100006,
          104.68257454100006,
          40.016631881000066
        ],
        "type": "Polygon",
        "coordinates": [
          [
            [
              71.85560895500004,
              39.44270423800003
            ],
            [
              71.87762173100003,
              39.44663493300004
            ],
            [
              71.90404888300004,
              39.441593527000066
            ],
            [
              71.93193691500005,
              39.43910727900004
            ],
            [
              71.95161450900008,
              39.44063561100006
            ],
            [
              71.97612988900005,
              39.441430214000036
            ],
            [
              71.99641994100006,
              39.44449750700005
            ],
            [
              72.01759271900005,
              39.44679829000006
            ],
            [
              72.03777965800003,
              39.44606611300003
            ],
            [
              72.06279692100003,
              39.45093711000004
            ],
            [
              72.08348488100006,
              39.45429030500003
            ],
            [
              72.10178562600004,
              39.45880820200006
            ],
            [
              72.12009605800006,
              39.462731087000066
            ],
            [
              72.13585690700006,
              39.468174401000056
            ],
            [
              72.15165676500004,
              39.46942816600006
            ],
            [
              72.17141003600005,
              39.46681655400005
            ],
            [
              72.19465332200008,
              39.45535573200005
            ],
            [
              72.20874811100003,
              39.44382312500005
            ],
            [
              72.22801504500006,
              39.429852260000075
            ],
            [
              72.25438571800004,
              39.42457534000005
            ],
            [
              72.28057042800003,
              39.438884218000055
            ],
            [
              72.30822690500008,
              39.442948458000046
            ],
            [
              72.32811128200007,
              39.44768640400008
            ],
            [
              72.34926693000006,
              39.45289673000008
            ],
            [
              72.36345428400006,
              39.458897001000025
            ],
            [
              72.38664475200005,
              39.45848288500008
            ],
            [
              72.40679483900004,
              39.461842084000075
            ],
            [
              72.42591820800004,
              39.45583128100003
            ],
            [
              72.45381929700005,
              39.452451523000036
            ],
            [
              72.47323388100006,
              39.45516769500006
            ],
            [
              72.49010979900004,
              39.46020330300007
            ],
            [
              72.51373323000007,
              39.462746286000026
            ],
            [
              72.54318049500006,
              39.46738159500007
            ],
            [
              72.57812057200005,
              39.47228952200004
            ],
            [
              72.61702703600008,
              39.48486740000004
            ],
            [
              72.63873156200003,
              39.48764098200007
            ],
            [
              72.65202625000006,
              39.490385641000046
            ],
            [
              72.66852948800005,
              39.49480491600008
            ],
            [
              72.68731063400008,
              39.499302569000065
            ],
            [
              72.71381216300006,
              39.50426214000004
            ],
            [
              72.73160537100006,
              39.50949166800007
            ],
            [
              72.76118602600008,
              39.51348640500004
            ],
            [
              72.78418819700005,
              39.51705384200005
            ],
            [
              72.80933075200005,
              39.52157758800007
            ],
            [
              72.82847057300006,
              39.52287761600007
            ],
            [
              72.83427607000004,
              39.52210328500007
            ],
            [
              72.83971174700008,
              39.521378036000044
            ],
            [
              72.85688391100007,
              39.516519078000044
            ],
            [
              72.86111726900003,
              39.51532078900004
            ],
            [
              72.87186004900008,
              39.51227917600006
            ],
            [
              72.87869324100006,
              39.511029343000075
            ],
            [
              72.88463414100006,
              39.51029648600007
            ],
            [
              72.89097614000008,
              39.50719368600005
            ],
            [
              72.89677219900005,
              39.50457137600006
            ],
            [
              72.90983669800005,
              39.50488272100006
            ],
            [
              72.91548000800003,
              39.50407408800004
            ],
            [
              72.92567323300005,
              39.50489926800003
            ],
            [
              72.94476816000008,
              39.51017552900004
            ],
            [
              72.95461553500009,
              39.51140557100007
            ],
            [
              72.96184196800004,
              39.51111464400003
            ],
            [
              72.97194206400007,
              39.50808466900003
            ],
            [
              72.97698922900008,
              39.50897660000004
            ],
            [
              72.98258104400003,
              39.509757543000035
            ],
            [
              72.98802419100008,
              39.51087147900006
            ],
            [
              72.99440655700005,
              39.513578100000075
            ],
            [
              72.99984988000006,
              39.51506189600008
            ],
            [
              73.00920219900007,
              39.51888007200006
            ],
            [
              73.02256612900004,
              39.52036552000005
            ],
            [
              73.03023849000004,
              39.52055242500006
            ],
            [
              73.03904955000007,
              39.52003539000003
            ],
            [
              73.04894933600008,
              39.52077699900008
            ],
            [
              73.05790881300004,
              39.52140678100005
            ],
            [
              73.07255976600004,
              39.51629507900003
            ],
            [
              73.07859831200005,
              39.516072001000055
            ],
            [
              73.08948559700008,
              39.511625639000044
            ],
            [
              73.09636468300006,
              39.51062382600003
            ],
            [
              73.10042298000008,
              39.51040033800007
            ],
            [
              73.10482767800005,
              39.51013956400004
            ],
            [
              73.10977721500007,
              39.51050800500008
            ],
            [
              73.11472680100007,
              39.51087626100008
            ],
            [
              73.11809252200004,
              39.51109694300004
            ],
            [
              73.12249654000004,
              39.51009490300004
            ],
            [
              73.12650534200003,
              39.509981742000036
            ],
            [
              73.13521729500007,
              39.51116194100007
            ],
            [
              73.14710384600005,
              39.51782048900003
            ],
            [
              73.15393629500005,
              39.51914887500004
            ],
            [
              73.16250067900006,
              39.519920022000065
            ],
            [
              73.16938236300007,
              39.52076612800005
            ],
            [
              73.17502521800003,
              39.52068713500006
            ],
            [
              73.18111312100007,
              39.52034824300006
            ],
            [
              73.19016692200006,
              39.517784060000054
            ],
            [
              73.19659673800004,
              39.51518502700003
            ],
            [
              73.20467149900003,
              39.51212273800007
            ],
            [
              73.21742701400007,
              39.50618194300006
            ],
            [
              73.22116988300007,
              39.50326886100004
            ],
            [
              73.22552027900008,
              39.50126355900005
            ],
            [
              73.23224977300004,
              39.50095853800008
            ],
            [
              73.23754383600004,
              39.50054404200006
            ],
            [
              73.24689796800004,
              39.50101237800004
            ],
            [
              73.25506869400004,
              39.50303725600003
            ],
            [
              73.25997438700006,
              39.50536295500007
            ],
            [
              73.26232755700005,
              39.508018364000066
            ],
            [
              73.26744708400008,
              39.51224701800004
            ],
            [
              73.26777046400008,
              39.514572249000025
            ],
            [
              73.26906180100008,
              39.51612562300005
            ],
            [
              73.27615087900006,
              39.519854535000036
            ],
            [
              73.28531676500006,
              39.52261661700004
            ],
            [
              73.29255355100008,
              39.52564076200008
            ],
            [
              73.29909688900005,
              39.52836951300004
            ],
            [
              73.30612830000007,
              39.528874951000034
            ],
            [
              73.31208803000004,
              39.53441880400004
            ],
            [
              73.31680109900003,
              39.537187251000034
            ],
            [
              73.32289501800005,
              39.538323235000064
            ],
            [
              73.32671129800008,
              39.53938952900006
            ],
            [
              73.32993162700006,
              39.539938455000026
            ],
            [
              73.33424460800006,
              39.54137385900003
            ],
            [
              73.33746788100007,
              39.54266329600006
            ],
            [
              73.34226776300005,
              39.54187531000008
            ],
            [
              73.34607872500004,
              39.54145966200008
            ],
            [
              73.35073122000006,
              39.54100500700008
            ],
            [
              73.35851064600007,
              39.542431892000025
            ],
            [
              73.36450291600005,
              39.54267736300005
            ],
            [
              73.36965363800005,
              39.542961587000036
            ],
            [
              73.37445002500004,
              39.54143174300003
            ],
            [
              73.37781308300004,
              39.540534802000025
            ],
            [
              73.38083287200004,
              39.540416350000044
            ],
            [
              73.38291142600008,
              39.540189043000055
            ],
            [
              73.38628090600008,
              39.540773270000045
            ],
            [
              73.39029094700004,
              39.54065213800004
            ],
            [
              73.39435335400003,
              39.54116034700007
            ],
            [
              73.39707742300004,
              39.541338557000074
            ],
            [
              73.40049606600007,
              39.54181119500004
            ],
            [
              73.40525319200003,
              39.54261354800008
            ],
            [
              73.41044951800006,
              39.54204426200005
            ],
            [
              73.41614448400003,
              39.542214124000054
            ],
            [
              73.42045744700006,
              39.543276382000045
            ],
            [
              73.42968240200008,
              39.54628764300003
            ],
            [
              73.43498802500005,
              39.547716990000026
            ],
            [
              73.43985335400004,
              39.550147354000046
            ],
            [
              73.44561153600006,
              39.55279714200003
            ],
            [
              73.45087293600005,
              39.55507780900007
            ],
            [
              73.45658696100008,
              39.55857908200006
            ],
            [
              73.46349841000006,
              39.564619177000054
            ],
            [
              73.47180513900008,
              39.56853571600004
            ],
            [
              73.48072434000005,
              39.56963387600007
            ],
            [
              73.49121162400007,
              39.57049165300003
            ],
            [
              73.50231273700007,
              39.56899994400004
            ],
            [
              73.51147718300007,
              39.56906271400004
            ],
            [
              73.51957491000007,
              39.56917550900005
            ],
            [
              73.52403339000006,
              39.569488404000026
            ],
            [
              73.52705690000005,
              39.57116727400006
            ],
            [
              73.53623073600005,
              39.57263626500003
            ],
            [
              73.54747977500006,
              39.57461322200004
            ],
            [
              73.55489493000005,
              39.575805829000046
            ],
            [
              73.56118807300004,
              39.57812867200005
            ],
            [
              73.56784920800004,
              39.57913569600004
            ],
            [
              73.57678097200005,
              39.58163534800008
            ],
            [
              73.58595373500003,
              39.58263160400003
            ],
            [
              73.59411481100005,
              39.58259880800006
            ],
            [
              73.60146632100003,
              39.58346055800008
            ],
            [
              73.60641988400005,
              39.58264227900003
            ],
            [
              73.61017602600003,
              39.58121869000007
            ],
            [
              73.61494066300008,
              39.58035394900003
            ],
            [
              73.62497395200006,
              39.57890339100004
            ],
            [
              73.63420504900006,
              39.579285938000055
            ],
            [
              73.64079822000008,
              39.579491750000045
            ],
            [
              73.64903181700004,
              39.58072244200008
            ],
            [
              73.65524774500005,
              39.580835353000055
            ],
            [
              73.66140588800005,
              39.581558364000045
            ],
            [
              73.66494050000006,
              39.58263885300005
            ],
            [
              73.68032009100006,
              39.58367668900007
            ],
            [
              73.68578536300004,
              39.58407329500005
            ],
            [
              73.69276865000006,
              39.585776535000036
            ],
            [
              73.69857862800006,
              39.58825818200006
            ],
            [
              73.70710135800005,
              39.587866002000055
            ],
            [
              73.71876698100004,
              39.586494206000054
            ],
            [
              73.72948835800008,
              39.584891507000066
            ],
            [
              73.73751371400004,
              39.58372419600005
            ],
            [
              73.74654848500006,
              39.58311435300004
            ],
            [
              73.75572602400007,
              39.58285177500005
            ],
            [
              73.77941340600007,
              39.58627174700007
            ],
            [
              73.78745661900007,
              39.58697864700008
            ],
            [
              73.79041019000005,
              39.58694312100005
            ],
            [
              73.79660704600008,
              39.587406282000074
            ],
            [
              73.80299659400004,
              39.588984905000075
            ],
            [
              73.80593659800007,
              39.59272045100005
            ],
            [
              73.81054088100007,
              39.59684165600004
            ],
            [
              73.81847815100008,
              39.60652578600008
            ],
            [
              73.82616352400004,
              39.61092268600004
            ],
            [
              73.83526746000007,
              39.614118691000044
            ],
            [
              73.84019278200003,
              39.61648098400008
            ],
            [
              73.84482926300007,
              39.61904860800007
            ],
            [
              73.85542993200005,
              39.626679695000064
            ],
            [
              73.86598819600005,
              39.63650310000003
            ],
            [
              73.87590405300006,
              39.64245530100004
            ],
            [
              73.88178404100006,
              39.645751344000075
            ],
            [
              73.89022854300003,
              39.64795155000007
            ],
            [
              73.89893981100005,
              39.65146374300008
            ],
            [
              73.90890325600003,
              39.654497992000074
            ],
            [
              73.92595190700007,
              39.658415139000056
            ],
            [
              73.93387967600007,
              39.66187550200005
            ],
            [
              73.94355273500008,
              39.666566239000076
            ],
            [
              73.95880617300008,
              39.67510379000004
            ],
            [
              73.97021053300006,
              39.68138359300008
            ],
            [
              73.98209328100006,
              39.68745009100007
            ],
            [
              73.98670260100005,
              39.689831285000025
            ],
            [
              73.99834561100005,
              39.69752212700007
            ],
            [
              74.00756489900004,
              39.70060498000004
            ],
            [
              74.01517098700003,
              39.70551385600004
            ],
            [
              74.02460401300004,
              39.70963117100007
            ],
            [
              74.03214936000006,
              39.71353945100003
            ],
            [
              74.03830295200004,
              39.717235352000046
            ],
            [
              74.04572382500004,
              39.71914356800005
            ],
            [
              74.05090761400004,
              39.71706763000003
            ],
            [
              74.05484295000008,
              39.71444524700007
            ],
            [
              74.05654051900007,
              39.70783913300005
            ],
            [
              74.05591623600003,
              39.70202836000004
            ],
            [
              74.05454534100005,
              39.69603801300008
            ],
            [
              74.05510098600007,
              39.689403533000075
            ],
            [
              74.05647364100008,
              39.68442398000008
            ],
            [
              74.05788934100008,
              39.67912231500003
            ],
            [
              74.06211600400007,
              39.67620125800005
            ],
            [
              74.06655486100004,
              39.67431558800007
            ],
            [
              74.07283320500005,
              39.67274908200005
            ],
            [
              74.07715287800005,
              39.67304935000004
            ],
            [
              74.08098683400004,
              39.67409403000005
            ],
            [
              74.08413779000006,
              39.67595877200006
            ],
            [
              74.08799776600006,
              39.67885508000006
            ],
            [
              74.09341495800004,
              39.68310965300004
            ],
            [
              74.10266061500005,
              39.68897194600004
            ],
            [
              74.11475792400006,
              39.69669928500008
            ],
            [
              74.12435221300007,
              39.701363868000044
            ],
            [
              74.13075050900005,
              39.70457198100007
            ],
            [
              74.13694006900005,
              39.70704066300004
            ],
            [
              74.14256245300004,
              39.71006191400005
            ],
            [
              74.14831965900004,
              39.71277068100005
            ],
            [
              74.15378281600005,
              39.71570388500004
            ],
            [
              74.16000804000004,
              39.71778599800007
            ],
            [
              74.16664983600003,
              39.71981989900007
            ],
            [
              74.17126838900003,
              39.72195934700005
            ],
            [
              74.17696330400008,
              39.72435628300008
            ],
            [
              74.18290223800005,
              39.72710652200004
            ],
            [
              74.18879088300008,
              39.73043479700005
            ],
            [
              74.19175243400008,
              39.733209970000075
            ],
            [
              74.19691071000005,
              39.73547731000008
            ],
            [
              74.20260061700003,
              39.737428720000025
            ],
            [
              74.20950300200008,
              39.740702931000044
            ],
            [
              74.21695122400007,
              39.74454990900006
            ],
            [
              74.22403434000006,
              39.74786627100008
            ],
            [
              74.22985493000004,
              39.750437728000065
            ],
            [
              74.23423323700007,
              39.75222157700006
            ],
            [
              74.24167678700007,
              39.755622747000075
            ],
            [
              74.24793644200008,
              39.75947864300008
            ],
            [
              74.25257417400007,
              39.76250425300003
            ],
            [
              74.25839690600003,
              39.765074491000064
            ],
            [
              74.26105363600004,
              39.76718419500003
            ],
            [
              74.26634575900005,
              39.77007007100008
            ],
            [
              74.26907486700003,
              39.77293466700007
            ],
            [
              74.27289495600007,
              39.77325543400008
            ],
            [
              74.27786430700007,
              39.77458797000003
            ],
            [
              74.28152705200006,
              39.776199071000065
            ],
            [
              74.28488088500006,
              39.77714613000006
            ],
            [
              74.29092799600005,
              39.77873495600005
            ],
            [
              74.29577585700008,
              39.77989014800005
            ],
            [
              74.30348186100008,
              39.78084061000004
            ],
            [
              74.30825767300007,
              39.78124032000005
            ],
            [
              74.31614355000005,
              39.78223281500004
            ],
            [
              74.32509948900008,
              39.78303684000008
            ],
            [
              74.33016976300007,
              39.78321069300006
            ],
            [
              74.33639792800005,
              39.78484019600006
            ],
            [
              74.34136148500005,
              39.785725909000064
            ],
            [
              74.34482335200005,
              39.78595917500007
            ],
            [
              74.35039530000006,
              39.78878259100003
            ],
            [
              74.35349094200006,
              39.79067602900005
            ],
            [
              74.35814530800008,
              39.790897330000064
            ],
            [
              74.36148511400006,
              39.79095354300006
            ],
            [
              74.36514262700007,
              39.79211790100004
            ],
            [
              74.36907861700007,
              39.79216806300008
            ],
            [
              74.37325147900003,
              39.792126858000074
            ],
            [
              74.38055120500007,
              39.79356590500004
            ],
            [
              74.38426637100008,
              39.794595808000054
            ],
            [
              74.38807208000003,
              39.79402434900004
            ],
            [
              74.39241665700007,
              39.79358073900005
            ],
            [
              74.39694082600005,
              39.79317963300008
            ],
            [
              74.40334286100006,
              39.79440419900004
            ],
            [
              74.40918176700006,
              39.79416718700003
            ],
            [
              74.41290565600008,
              39.79239558100005
            ],
            [
              74.41704582400007,
              39.79057516300003
            ],
            [
              74.42219012400005,
              39.788255323000044
            ],
            [
              74.42490090100006,
              39.78653822600006
            ],
            [
              74.42946510800004,
              39.785113152000065
            ],
            [
              74.43251080600004,
              39.78539288600007
            ],
            [
              74.43644559900008,
              39.78219590900005
            ],
            [
              74.44136803800006,
              39.778063125000074
            ],
            [
              74.44747417100007,
              39.77557369400006
            ],
            [
              74.45237902800005,
              39.77357369500004
            ],
            [
              74.45940648000004,
              39.77008667700006
            ],
            [
              74.46668656500003,
              39.76738696600006
            ],
            [
              74.47113470200004,
              39.766228418000026
            ],
            [
              74.47569676600006,
              39.76480178200006
            ],
            [
              74.48265930600007,
              39.76423836400005
            ],
            [
              74.48864081500005,
              39.76226261900007
            ],
            [
              74.49380678700005,
              39.76127340000005
            ],
            [
              74.49592823400008,
              39.759461921000025
            ],
            [
              74.49570309400008,
              39.757827586000076
            ],
            [
              74.49545273200005,
              39.75601007800003
            ],
            [
              74.49226528600008,
              39.75451826700004
            ],
            [
              74.48960816600004,
              39.75270949900005
            ],
            [
              74.48734836300008,
              39.75089640900006
            ],
            [
              74.48556185300004,
              39.748900390000074
            ],
            [
              74.48405859800005,
              39.74716803200005
            ],
            [
              74.48215825400007,
              39.74543991500008
            ],
            [
              74.48168317600005,
              39.743459433000055
            ],
            [
              74.48134107100003,
              39.74212654100006
            ],
            [
              74.48177525900007,
              39.74095129500006
            ],
            [
              74.48292198200006,
              39.73964987000005
            ],
            [
              74.48428908000005,
              39.738449795000065
            ],
            [
              74.48529987500007,
              39.737312803000066
            ],
            [
              74.48605508900005,
              39.73631191000004
            ],
            [
              74.48615191800008,
              39.73515509600003
            ],
            [
              74.48599034300008,
              39.73398624200007
            ],
            [
              74.48592375800007,
              39.73259410500003
            ],
            [
              74.48587903000004,
              39.731305457000076
            ],
            [
              74.48650773700007,
              39.72889825900006
            ],
            [
              74.48686006400004,
              39.727605346000075
            ],
            [
              74.48799322300005,
              39.72664483600005
            ],
            [
              74.48902565700007,
              39.72561131400005
            ],
            [
              74.49012972800006,
              39.72465231000007
            ],
            [
              74.49095463000003,
              39.723708706000025
            ],
            [
              74.49198698200007,
              39.722675163000076
            ],
            [
              74.49281791700008,
              39.72149561300006
            ],
            [
              74.49406483700005,
              39.720267112000045
            ],
            [
              74.49458788500004,
              39.71857226900005
            ],
            [
              74.49598086500004,
              39.716690207000056
            ],
            [
              74.49793417700005,
              39.715039138000066
            ],
            [
              74.50007268400003,
              39.71372683200008
            ],
            [
              74.50351594300008,
              39.712133590000064
            ],
            [
              74.50632274100008,
              39.710487930000056
            ],
            [
              74.50912786700007,
              39.709775723000064
            ],
            [
              74.51290204600008,
              39.707867460000045
            ],
            [
              74.51728313100006,
              39.706545119000054
            ],
            [
              74.52077673700006,
              39.704521175000025
            ],
            [
              74.52339456800007,
              39.70238826600007
            ],
            [
              74.52549567400007,
              39.70023138200003
            ],
            [
              74.52803148400005,
              39.697980753000024
            ],
            [
              74.52966548600006,
              39.69630312800007
            ],
            [
              74.53279930600007,
              39.69419395800003
            ],
            [
              74.53489399400007,
              39.69174066000005
            ],
            [
              74.53680491200004,
              39.69003023800008
            ],
            [
              74.53981783700004,
              39.687316011000064
            ],
            [
              74.54597374400004,
              39.68532309300008
            ],
            [
              74.55213563200005,
              39.683831472000065
            ],
            [
              74.55689342000005,
              39.681614559000025
            ],
            [
              74.56234293900008,
              39.680249038000056
            ],
            [
              74.56817697000008,
              39.67828623500003
            ],
            [
              74.57496175700004,
              39.67625305100006
            ],
            [
              74.58193541100007,
              39.67377283900004
            ],
            [
              74.58705669600005,
              39.67193591900008
            ],
            [
              74.59129433600003,
              39.66827422000006
            ],
            [
              74.59710073200006,
              39.66637637200006
            ],
            [
              74.60249847300008,
              39.66298093000006
            ],
            [
              74.60657910700009,
              39.65974145900003
            ],
            [
              74.60974235900007,
              39.65472886500004
            ],
            [
              74.61212682400003,
              39.65155598800004
            ],
            [
              74.61555775200003,
              39.650342281000064
            ],
            [
              74.61927797300007,
              39.64795158400006
            ],
            [
              74.61927848500005,
              39.644994362000034
            ],
            [
              74.61902969200008,
              39.642133958000045
            ],
            [
              74.62061552400007,
              39.639862192000066
            ],
            [
              74.62326815900008,
              39.63753089700003
            ],
            [
              74.62554175100007,
              39.63511014800008
            ],
            [
              74.62744626900007,
              39.63306924200003
            ],
            [
              74.63256122500007,
              39.627056838000044
            ],
            [
              74.63836393900004,
              39.623905998000055
            ],
            [
              74.64361235300004,
              39.62082079600003
            ],
            [
              74.64805468800006,
              39.617152383000075
            ],
            [
              74.65249658300007,
              39.61348383200004
            ],
            [
              74.65916568300008,
              39.61014387900008
            ],
            [
              74.66894288500004,
              39.60753636100003
            ],
            [
              74.67820459800004,
              39.606771673000026
            ],
            [
              74.68661096500006,
              39.606787301000054
            ],
            [
              74.69301571200003,
              39.605938077000076
            ],
            [
              74.70162172300007,
              39.60423156300004
            ],
            [
              74.70807501700006,
              39.60201787800003
            ],
            [
              74.71368636200003,
              39.601177516000064
            ],
            [
              74.71923556900003,
              39.601108159000034
            ],
            [
              74.73079889800005,
              39.60048875500007
            ],
            [
              74.74339392500008,
              39.599914510000076
            ],
            [
              74.75372646700004,
              39.60096820600006
            ],
            [
              74.76796836100004,
              39.599600102000075
            ],
            [
              74.78287973700003,
              39.59976270900006
            ],
            [
              74.79644494200005,
              39.600000554000076
            ],
            [
              74.80759011800006,
              39.59849092200005
            ],
            [
              74.82096281200006,
              39.59730637900003
            ],
            [
              74.82959319100007,
              39.59677656200006
            ],
            [
              74.84043723700006,
              39.59597939300005
            ],
            [
              74.85104181700007,
              39.59512530600006
            ],
            [
              74.86124262400006,
              39.593979518000026
            ],
            [
              74.87225024600008,
              39.593414592000045
            ],
            [
              74.88158297200005,
              39.59245690600005
            ],
            [
              74.89045499200006,
              39.59169817600008
            ],
            [
              74.89748093500003,
              39.59087429500005
            ],
            [
              74.90566203700007,
              39.58827136600007
            ],
            [
              74.91177897100006,
              39.58557825100007
            ],
            [
              74.91822436000007,
              39.58335439100006
            ],
            [
              74.92306945900003,
              39.58056004500003
            ],
            [
              74.93368568600005,
              39.57715064200005
            ],
            [
              74.93778171500003,
              39.56986200400007
            ],
            [
              74.93558353100008,
              39.56444053400003
            ],
            [
              74.93396872300008,
              39.56013687600006
            ],
            [
              74.93069490700003,
              39.55603445100007
            ],
            [
              74.92918519100004,
              39.552736819000074
            ],
            [
              74.92840797400005,
              39.55019931600003
            ],
            [
              74.92588212900006,
              39.547449388000075
            ],
            [
              74.92489596500008,
              39.54289976500007
            ],
            [
              74.91623857500008,
              39.542932360000066
            ],
            [
              74.90910971900007,
              39.54303206800006
            ],
            [
              74.89994786500006,
              39.54422643600003
            ],
            [
              74.89093535800004,
              39.54506250900005
            ],
            [
              74.88270020500005,
              39.545294614000056
            ],
            [
              74.86635062200008,
              39.544214735000025
            ],
            [
              74.85699502600005,
              39.54398639500005
            ],
            [
              74.84387157500004,
              39.54523056700003
            ],
            [
              74.83460506600005,
              39.545414306000055
            ],
            [
              74.82429321600006,
              39.54495940800007
            ],
            [
              74.81112703900004,
              39.54442294800003
            ],
            [
              74.79271642000003,
              39.543242719000034
            ],
            [
              74.78358640700003,
              39.54247287700008
            ],
            [
              74.77373958000004,
              39.541533893000064
            ],
            [
              74.76498630600008,
              39.53972075800005
            ],
            [
              74.75559016500006,
              39.53785605400003
            ],
            [
              74.75430046600007,
              39.533427750000044
            ],
            [
              74.75577603100004,
              39.52866774600005
            ],
            [
              74.75444584200007,
              39.52246208400004
            ],
            [
              74.75420078200005,
              39.518672356000025
            ],
            [
              74.75316392800005,
              39.51489276700005
            ],
            [
              74.75227742100003,
              39.510755680000045
            ],
            [
              74.75162988400007,
              39.50667481000005
            ],
            [
              74.74944715500004,
              39.501250510000034
            ],
            [
              74.74592034400007,
              39.495902589000025
            ],
            [
              74.74689110700007,
              39.489845468000055
            ],
            [
              74.74741108500007,
              39.484860826000045
            ],
            [
              74.74613626400003,
              39.48102505300005
            ],
            [
              74.74328409900005,
              39.47558238600004
            ],
            [
              74.74317115900004,
              39.472469871000044
            ],
            [
              74.74694508700003,
              39.467858687000046
            ],
            [
              74.75053383100004,
              39.46556095500006
            ],
            [
              74.75753972100006,
              39.463871201000075
            ],
            [
              74.76257395300007,
              39.462502768000036
            ],
            [
              74.76711689100006,
              39.46042934800005
            ],
            [
              74.77273717900006,
              39.45703808600007
            ],
            [
              74.77554713000006,
              39.45534236800006
            ],
            [
              74.77802951100006,
              39.45317675800004
            ],
            [
              74.77725849500007,
              39.450638549000075
            ],
            [
              74.77427791700006,
              39.44836603600004
            ],
            [
              74.76963343500006,
              39.44255934600005
            ],
            [
              74.76546007200005,
              39.44000576500008
            ],
            [
              74.75658897400007,
              39.43614942100004
            ],
            [
              74.75123673900003,
              39.43390683100006
            ],
            [
              74.74677199400008,
              39.42892676800005
            ],
            [
              74.74366439200008,
              39.42446264200004
            ],
            [
              74.73954919500005,
              39.41740385800006
            ],
            [
              74.73968049900003,
              39.41272072400005
            ],
            [
              74.73908274800004,
              39.40727650200006
            ],
            [
              74.74027003900005,
              39.40382441400004
            ],
            [
              74.74888616500004,
              39.40015910700004
            ],
            [
              74.75361623200007,
              39.39950600800006
            ],
            [
              74.76017305700003,
              39.395747812000025
            ],
            [
              74.76467117300007,
              39.39189734100006
            ],
            [
              74.76984340600006,
              39.38643803000008
            ],
            [
              74.77201021700006,
              39.384395203000054
            ],
            [
              74.77695660900008,
              39.379471875000036
            ],
            [
              74.78368780800008,
              39.37653987400006
            ],
            [
              74.78872944200003,
              39.37576292700004
            ],
            [
              74.79428944300008,
              39.376875246000054
            ],
            [
              74.80110306400007,
              39.37749676000004
            ],
            [
              74.80884290200005,
              39.37715754000004
            ],
            [
              74.81367868000007,
              39.37436758400003
            ],
            [
              74.81726085500003,
              39.37206819100004
            ],
            [
              74.82138053800008,
              39.36910970100007
            ],
            [
              74.82351729500004,
              39.365881269000056
            ],
            [
              74.82625220600005,
              39.36122262400005
            ],
            [
              74.83040752500006,
              39.35316722400006
            ],
            [
              74.83127652100006,
              39.349837156000035
            ],
            [
              74.83569343400006,
              39.346163164000075
            ],
            [
              74.84085354600006,
              39.34384193100004
            ],
            [
              74.84997741500007,
              39.34205942400007
            ],
            [
              74.85868436000004,
              39.33939310100004
            ],
            [
              74.86469348400004,
              39.33628902500004
            ],
            [
              74.87395069300004,
              39.333554916000026
            ],
            [
              74.88340201800008,
              39.329099014000064
            ],
            [
              74.88917088500006,
              39.325937880000026
            ],
            [
              74.89414950600008,
              39.32278747100003
            ],
            [
              74.89912770500007,
              39.319636881000065
            ],
            [
              74.90440371800008,
              39.31577086200008
            ],
            [
              74.91088654600003,
              39.30963596700008
            ],
            [
              74.91514810200005,
              39.306317050000075
            ],
            [
              74.92204623700007,
              39.30106463400006
            ],
            [
              74.93029890100007,
              39.29632599300004
            ],
            [
              74.93795452800003,
              39.28987689300004
            ],
            [
              74.94450677200007,
              39.28356162400007
            ],
            [
              74.94956883600008,
              39.27768217000005
            ],
            [
              74.95285865000005,
              39.27354637700006
            ],
            [
              74.95653513800005,
              39.26910867300006
            ],
            [
              74.96287604100007,
              39.26392142100008
            ],
            [
              74.96930561300007,
              39.259147376000044
            ],
            [
              74.97458894800008,
              39.255871041000034
            ],
            [
              74.98520021500008,
              39.25109475100004
            ],
            [
              74.99252123300005,
              39.24731391200004
            ],
            [
              74.99921656400005,
              39.24377888400005
            ],
            [
              75.00306825200005,
              39.24016690600007
            ],
            [
              75.00732173000006,
              39.23684516600008
            ],
            [
              75.01118820000005,
              39.23382528900004
            ],
            [
              75.01472640200006,
              39.23033612300003
            ],
            [
              75.01896320700008,
              39.22642170900008
            ],
            [
              75.02622156700005,
              39.22341024600007
            ],
            [
              75.03199189200006,
              39.22083541500007
            ],
            [
              75.03600482100006,
              39.21745709600003
            ],
            [
              75.03997011300004,
              39.21230172800006
            ],
            [
              75.04528954000006,
              39.20765916800008
            ],
            [
              75.04937525600009,
              39.20410159100004
            ],
            [
              75.05511153700007,
              39.20034116900007
            ],
            [
              75.05912231600007,
              39.19696219000008
            ],
            [
              75.06329677900004,
              39.19381762200004
            ],
            [
              75.07030865900003,
              39.18697075000006
            ],
            [
              75.07624547700004,
              39.18051029600008
            ],
            [
              75.08149364400003,
              39.174134210000034
            ],
            [
              75.08609363800008,
              39.16932329800006
            ],
            [
              75.09058040100007,
              39.16399550600005
            ],
            [
              75.09549693800005,
              39.15999413800006
            ],
            [
              75.10319415400005,
              39.15320904600003
            ],
            [
              75.10966877800007,
              39.148590460000044
            ],
            [
              75.11391637400004,
              39.145413544000064
            ],
            [
              75.11866622000008,
              39.14259898000006
            ],
            [
              75.12825713900008,
              39.13674570500007
            ],
            [
              75.13975377800006,
              39.12863968000005
            ],
            [
              75.14805932500008,
              39.12273117400008
            ],
            [
              75.15384150400007,
              39.118195455000034
            ],
            [
              75.16113085500007,
              39.11474644900005
            ],
            [
              75.16850331000006,
              39.11425835000006
            ],
            [
              75.17548612100006,
              39.11392422600005
            ],
            [
              75.18158442800006,
              39.11019692900004
            ],
            [
              75.18875097800003,
              39.10941474100008
            ],
            [
              75.19452239000003,
              39.10806224100003
            ],
            [
              75.20018028600003,
              39.10619286600007
            ],
            [
              75.20364275100007,
              39.10332205700007
            ],
            [
              75.21221643500007,
              39.09673851500003
            ],
            [
              75.22249296600006,
              39.08442339800007
            ],
            [
              75.22826765800005,
              39.079884519000075
            ],
            [
              75.23353893100006,
              39.07498336900005
            ],
            [
              75.24153379500007,
              39.06900000400003
            ],
            [
              75.24790070900008,
              39.064598584000066
            ],
            [
              75.25721782900007,
              39.06014766100003
            ],
            [
              75.26255139300008,
              39.05746626900003
            ],
            [
              75.27065577000008,
              39.051997752000034
            ],
            [
              75.27692777100005,
              39.04781871000006
            ],
            [
              75.28292389600006,
              39.044310610000025
            ],
            [
              75.29024751600008,
              39.03915032100008
            ],
            [
              75.29163988700003,
              39.03813923700005
            ],
            [
              75.29727579400003,
              39.03073578900006
            ],
            [
              75.3015558850001,
              39.02584876200007
            ],
            [
              75.30757382700006,
              39.01989503000004
            ],
            [
              75.31608195400008,
              39.01500932900007
            ],
            [
              75.32330885300007,
              39.01007105000008
            ],
            [
              75.32593982700007,
              39.00602629700006
            ],
            [
              75.32802284800005,
              39.000139337000064
            ],
            [
              75.33284827800003,
              38.99390875700004
            ],
            [
              75.33497680300007,
              38.98631745800003
            ],
            [
              75.33667004500006,
              38.98058526800003
            ],
            [
              75.33680906500007,
              38.97547248700005
            ],
            [
              75.34128894600008,
              38.97087700900005
            ],
            [
              75.34663657100003,
              38.965747856000064
            ],
            [
              75.35200672400003,
              38.958174016000044
            ],
            [
              75.35787827300004,
              38.95096152100007
            ],
            [
              75.36123627900008,
              38.94512591100005
            ],
            [
              75.36477646800006,
              38.93884265600008
            ],
            [
              75.36895556100006,
              38.93417746600005
            ],
            [
              75.38028136700007,
              38.92871964700004
            ],
            [
              75.38747360400004,
              38.92622251800003
            ],
            [
              75.39781647200004,
              38.92396524800006
            ],
            [
              75.40767762000007,
              38.91890138800005
            ],
            [
              75.41669359500008,
              38.91511099600007
            ],
            [
              75.42460989500006,
              38.90763664700006
            ],
            [
              75.43021784600006,
              38.89864817100005
            ],
            [
              75.43541608900006,
              38.892259043000024
            ],
            [
              75.43928825500006,
              38.88433843700005
            ],
            [
              75.44205341000009,
              38.87567015800005
            ],
            [
              75.44050628900004,
              38.87017063900004
            ],
            [
              75.44410371100008,
              38.86292147400008
            ],
            [
              75.44583303900004,
              38.85866860300007
            ],
            [
              75.44997895800003,
              38.85326085100007
            ],
            [
              75.45499002700006,
              38.849325158000056
            ],
            [
              75.46381351100007,
              38.843972962000066
            ],
            [
              75.47356414500007,
              38.83594369300005
            ],
            [
              75.48308804200008,
              38.83006563200007
            ],
            [
              75.48882733600004,
              38.825515962000054
            ],
            [
              75.49750730500006,
              38.82091147600005
            ],
            [
              75.50486686000005,
              38.81796033400008
            ],
            [
              75.51092467900008,
              38.81421841800005
            ],
            [
              75.51643743500006,
              38.81181950600006
            ],
            [
              75.52308722100008,
              38.80821406100006
            ],
            [
              75.52957939900006,
              38.80579620900005
            ],
            [
              75.54217533300005,
              38.801114994000045
            ],
            [
              75.55262821200006,
              38.79691763100004
            ],
            [
              75.55995852000007,
              38.79322330200006
            ],
            [
              75.56820237200003,
              38.79047389200008
            ],
            [
              75.57710424500004,
              38.786896668000054
            ],
            [
              75.58288441300004,
              38.783823246000054
            ],
            [
              75.58902606800007,
              38.77985387000007
            ],
            [
              75.59305148100003,
              38.77711004100008
            ],
            [
              75.59944825700006,
              38.77491270300004
            ],
            [
              75.60348803100004,
              38.769724265000036
            ],
            [
              75.61055672800006,
              38.764254677000054
            ],
            [
              75.61639889800006,
              38.76021575900006
            ],
            [
              75.62217540000006,
              38.75714064700003
            ],
            [
              75.63099451800008,
              38.75133949800005
            ],
            [
              75.63877964800008,
              38.74970547300006
            ],
            [
              75.64651167700005,
              38.752219438000054
            ],
            [
              75.65451501300004,
              38.754061044000025
            ],
            [
              75.66379474900003,
              38.755950908000045
            ],
            [
              75.67085793200005,
              38.75610677800006
            ],
            [
              75.67767642600006,
              38.75767432500004
            ],
            [
              75.68517833200008,
              38.75915379000003
            ],
            [
              75.69197139000005,
              38.759980496000026
            ],
            [
              75.69997052200006,
              38.76056267000007
            ],
            [
              75.70713059300004,
              38.761749260000045
            ],
            [
              75.71579331600003,
              38.76275919900007
            ],
            [
              75.72395328200008,
              38.763408465000055
            ],
            [
              75.73297658500007,
              38.76352120100006
            ],
            [
              75.73935751700003,
              38.763761368000075
            ],
            [
              75.74737467800003,
              38.763153026000055
            ],
            [
              75.76004665500005,
              38.76385569400003
            ],
            [
              75.76862039800005,
              38.76508619300006
            ],
            [
              75.77796741400005,
              38.76600386700006
            ],
            [
              75.78678439500004,
              38.76582093400003
            ],
            [
              75.79545740800006,
              38.764381316000026
            ],
            [
              75.80119122700006,
              38.76300255700005
            ],
            [
              75.80493850300007,
              38.76092447700006
            ],
            [
              75.81429358000008,
              38.759395263000044
            ],
            [
              75.82183353100004,
              38.75916269900006
            ],
            [
              75.82878022500006,
              38.75879409200007
            ],
            [
              75.83418898600007,
              38.75660602100004
            ],
            [
              75.84182553900007,
              38.75370392000008
            ],
            [
              75.84922003000008,
              38.75221374900008
            ],
            [
              75.85537260200005,
              38.748972062000064
            ],
            [
              75.86154572600003,
              38.74891444300005
            ],
            [
              75.86787764300004,
              38.74766028100004
            ],
            [
              75.87263853300006,
              38.745608136000044
            ],
            [
              75.88022727800006,
              38.74233648200004
            ],
            [
              75.89036323700003,
              38.73796555200005
            ],
            [
              75.89872702000008,
              38.73402607500003
            ],
            [
              75.90651803300005,
              38.730220951000035
            ],
            [
              75.91300994000005,
              38.72704966600003
            ],
            [
              75.91924319800006,
              38.724004181000055
            ],
            [
              75.92530759400006,
              38.72104068100004
            ],
            [
              75.93173810200005,
              38.717897717000035
            ],
            [
              75.93910110600007,
              38.71429828200007
            ],
            [
              75.94672192400003,
              38.71022566600004
            ],
            [
              75.95600492000005,
              38.70357338100007
            ],
            [
              75.96353182200005,
              38.698796145000074
            ],
            [
              75.96856753400004,
              38.69377437600008
            ],
            [
              75.97412532200008,
              38.68858485600004
            ],
            [
              75.97944722600005,
              38.686042273000055
            ],
            [
              75.98516929900006,
              38.676429115000076
            ],
            [
              75.98732835200008,
              38.670026095000026
            ],
            [
              75.98945525600004,
              38.659802005000074
            ],
            [
              75.99658823200008,
              38.65124892100005
            ],
            [
              75.99911833800007,
              38.64438318800006
            ],
            [
              76.00080178600007,
              38.641599487000065
            ],
            [
              76.00356415000005,
              38.637031239000066
            ],
            [
              76.00690651300005,
              38.63150300800004
            ],
            [
              76.00865959500004,
              38.62749682500004
            ],
            [
              76.00926961100004,
              38.622341740000024
            ],
            [
              76.01159276100003,
              38.61547548900006
            ],
            [
              76.01177937400007,
              38.61337897000004
            ],
            [
              76.00901899900003,
              38.60750122200005
            ],
            [
              76.01045953300007,
              38.60413775000006
            ],
            [
              76.01331295000006,
              38.600509102000046
            ],
            [
              76.01551879400006,
              38.595969214000036
            ],
            [
              76.01848196200007,
              38.59358780100007
            ],
            [
              76.02105655300005,
              38.59065963000006
            ],
            [
              76.02714871200004,
              38.58547611000006
            ],
            [
              76.03216505200004,
              38.584019916000045
            ],
            [
              76.03779582100003,
              38.58094544200003
            ],
            [
              76.04314294200003,
              38.574141920000045
            ],
            [
              76.04928777900005,
              38.56881727100006
            ],
            [
              76.07398676500003,
              38.54976201900007
            ],
            [
              76.09570404400006,
              38.52976638500007
            ],
            [
              76.11684691100004,
              38.51706832600007
            ],
            [
              76.14129634800008,
              38.50637771700008
            ],
            [
              76.15684301700009,
              38.494165344000066
            ],
            [
              76.17099681100007,
              38.48047767400004
            ],
            [
              76.18634686400003,
              38.47095717500008
            ],
            [
              76.20421630600003,
              38.46219272600007
            ],
            [
              76.21463459700004,
              38.449345995000044
            ],
            [
              76.22504933300007,
              38.43649849300005
            ],
            [
              76.23460837100005,
              38.411134996000044
            ],
            [
              76.24842733100007,
              38.39823718200006
            ],
            [
              76.26045091600008,
              38.38727789600006
            ],
            [
              76.28200313500008,
              38.37142425400003
            ],
            [
              76.30371585600005,
              38.36729812800008
            ],
            [
              76.31483776400006,
              38.36379587400006
            ],
            [
              76.32794483300006,
              38.36434712100004
            ],
            [
              76.34122340100004,
              38.36408338800004
            ],
            [
              76.35768726200007,
              38.36408331100006
            ],
            [
              76.37454770100004,
              38.35713852200007
            ],
            [
              76.38254446400003,
              38.34917311600003
            ],
            [
              76.38658206800005,
              38.34152627600003
            ],
            [
              76.39240560700006,
              38.33049413100009
            ],
            [
              76.39426450500008,
              38.31757354100006
            ],
            [
              76.39646040500008,
              38.30230490300005
            ],
            [
              76.39583998400008,
              38.29137396500005
            ],
            [
              76.39779588000005,
              38.28141405500003
            ],
            [
              76.39934441900004,
              38.27546405000004
            ],
            [
              76.40011210800004,
              38.26904521200004
            ],
            [
              76.40482171500008,
              38.261903165000035
            ],
            [
              76.40993705400007,
              38.25470607800003
            ],
            [
              76.4177066490001,
              38.24415197500008
            ],
            [
              76.42546252800008,
              38.23857486900005
            ],
            [
              76.43637159600007,
              38.23429323500005
            ],
            [
              76.44142443400006,
              38.22971835200008
            ],
            [
              76.44828445400003,
              38.22247439600005
            ],
            [
              76.45751281100007,
              38.21078369400004
            ],
            [
              76.46789991800007,
              38.195936463000066
            ],
            [
              76.48501150200008,
              38.184469886000045
            ],
            [
              76.49545059200005,
              38.17349096500004
            ],
            [
              76.50588664900005,
              38.16251124000007
            ],
            [
              76.51978883700008,
              38.138690851000035
            ],
            [
              76.51815015300008,
              38.11890624000006
            ],
            [
              76.50116950100005,
              38.10469505400005
            ],
            [
              76.49634052300007,
              38.101423701000044
            ],
            [
              76.49039033600008,
              38.09739216300005
            ],
            [
              76.48596773500003,
              38.09439518600004
            ],
            [
              76.47697955600006,
              38.08830315500006
            ],
            [
              76.47454568400008,
              38.08543662400007
            ],
            [
              76.46942482600008,
              38.07940460300006
            ],
            [
              76.46566127700004,
              38.074970662000055
            ],
            [
              76.45620403100008,
              38.06853847800006
            ],
            [
              76.45205664800005,
              38.062721768000074
            ],
            [
              76.44359327400008,
              38.058128252000074
            ],
            [
              76.43887078100005,
              38.05462204300005
            ],
            [
              76.43352697500006,
              38.050243065000075
            ],
            [
              76.42835804000005,
              38.04541499100003
            ],
            [
              76.42466135900008,
              38.040918942000076
            ],
            [
              76.41886020300007,
              38.03616155200007
            ],
            [
              76.41001758500005,
              38.03111293200004
            ],
            [
              76.40409141100008,
              38.028858574000026
            ],
            [
              76.39585298500003,
              38.02718744200007
            ],
            [
              76.39060860100005,
              38.025239001000045
            ],
            [
              76.38320595600004,
              38.021123775000035
            ],
            [
              76.37054689500007,
              38.01612384300006
            ],
            [
              76.36395636600008,
              38.012496044000045
            ],
            [
              76.35785156400004,
              38.006078408000064
            ],
            [
              76.34885874400004,
              37.998052382000026
            ],
            [
              76.33760844200003,
              37.98482111500005
            ],
            [
              76.33005811500004,
              37.97853136200007
            ],
            [
              76.32634984800006,
              37.973455612000066
            ],
            [
              76.31568801000003,
              37.963634013000046
            ],
            [
              76.31494860300006,
              37.95321054200008
            ],
            [
              76.31956235200005,
              37.94546696400005
            ],
            [
              76.32672388600008,
              37.93610393700004
            ],
            [
              76.33017735200008,
              37.93298066400007
            ],
            [
              76.33339201100006,
              37.928826521000076
            ],
            [
              76.33562893100003,
              37.92225309400004
            ],
            [
              76.33298818900005,
              37.906027255000026
            ],
            [
              76.33904795900008,
              37.89372900600006
            ],
            [
              76.34296744100004,
              37.88265565100006
            ],
            [
              76.34656611700007,
              37.87248570600008
            ],
            [
              76.34840798700003,
              37.86727944900009
            ],
            [
              76.35208312900005,
              37.856889043000024
            ],
            [
              76.35604922100003,
              37.84338410400005
            ],
            [
              76.35912037400004,
              37.83382679500005
            ],
            [
              76.36073930300006,
              37.82534286200007
            ],
            [
              76.36282619700006,
              37.814403766000055
            ],
            [
              76.36557943100007,
              37.80648363000006
            ],
            [
              76.37277687500006,
              37.78453495900004
            ],
            [
              76.37808191600004,
              37.759156286000064
            ],
            [
              76.38780310100003,
              37.73242527900004
            ],
            [
              76.39390642400008,
              37.71526119500004
            ],
            [
              76.39668577000003,
              37.70148923700003
            ],
            [
              76.40560445800008,
              37.68007898700006
            ],
            [
              76.41057204400005,
              37.67217456700007
            ],
            [
              76.41272945600008,
              37.664120627000045
            ],
            [
              76.41897307800008,
              37.647962550000045
            ],
            [
              76.42800321200008,
              37.64024804200005
            ],
            [
              76.43256549600005,
              37.63420464500007
            ],
            [
              76.44202565100005,
              37.62536702700004
            ],
            [
              76.45433792300008,
              37.62405907400006
            ],
            [
              76.46247950400004,
              37.62268276700007
            ],
            [
              76.46952547300003,
              37.62257121700003
            ],
            [
              76.47712366300004,
              37.62185223200004
            ],
            [
              76.48626194800005,
              37.620115965000025
            ],
            [
              76.49633744800008,
              37.617417948000025
            ],
            [
              76.50262988300005,
              37.61347359500007
            ],
            [
              76.50809129500004,
              37.612513411000066
            ],
            [
              76.51565449200007,
              37.61105247900008
            ],
            [
              76.53024710200005,
              37.60703272000006
            ],
            [
              76.53787923400006,
              37.594923865000055
            ],
            [
              76.53929090000008,
              37.57856337900006
            ],
            [
              76.5407019610001,
              37.56220289700008
            ],
            [
              76.54902088900008,
              37.543980082000076
            ],
            [
              76.55733583700004,
              37.52575675300005
            ],
            [
              76.56392043300008,
              37.50954853700006
            ],
            [
              76.57050222900006,
              37.493340000000046
            ],
            [
              76.57815933700005,
              37.47122191100005
            ],
            [
              76.58407057400007,
              37.44523754000005
            ],
            [
              76.59101609800007,
              37.428754523000066
            ],
            [
              76.59845681400003,
              37.41262776700006
            ],
            [
              76.60299212000007,
              37.410725797000055
            ],
            [
              76.61448196700007,
              37.39478290000005
            ],
            [
              76.63115365200008,
              37.38343870400007
            ],
            [
              76.63418803000008,
              37.37767447900006
            ],
            [
              76.63299797900005,
              37.369979185000034
            ],
            [
              76.63059016000005,
              37.35967745500006
            ],
            [
              76.62804609600005,
              37.35056443900004
            ],
            [
              76.63041057100008,
              37.33938987100004
            ],
            [
              76.63159086800005,
              37.32965523000007
            ],
            [
              76.63816971500006,
              37.322867393000024
            ],
            [
              76.64153460400007,
              37.311900784000045
            ],
            [
              76.64753237100007,
              37.30032845300008
            ],
            [
              76.65399962600003,
              37.295886825000025
            ],
            [
              76.66323771800006,
              37.290706288000024
            ],
            [
              76.67073487200008,
              37.28554918300006
            ],
            [
              76.67725621500006,
              37.28267847600006
            ],
            [
              76.68395728100006,
              37.26859296500004
            ],
            [
              76.70221926200009,
              37.246753184000056
            ],
            [
              76.71490658000005,
              37.23669117700007
            ],
            [
              76.72476814300006,
              37.22989307700004
            ],
            [
              76.74172832100004,
              37.21689202500005
            ],
            [
              76.7583549650001,
              37.20619188400008
            ],
            [
              76.78173046200006,
              37.19208803400006
            ],
            [
              76.80040166900005,
              37.18646046200007
            ],
            [
              76.82159515100005,
              37.175784950000036
            ],
            [
              76.85097976300005,
              37.174731160000086
            ],
            [
              76.88036356300006,
              37.17367066300005
            ],
            [
              76.90422164200004,
              37.166669815000034
            ],
            [
              76.92807535700007,
              37.15966454200003
            ],
            [
              76.95301355500004,
              37.14700195300003
            ],
            [
              76.97537000200003,
              37.13292715600005
            ],
            [
              76.98771977900003,
              37.12106918100005
            ],
            [
              77.0047743200001,
              37.100028734000034
            ],
            [
              77.02573462700008,
              37.087901948000024
            ],
            [
              77.06958635200004,
              37.086243735000046
            ],
            [
              77.09895576100007,
              37.09376770500006
            ],
            [
              77.11535684200004,
              37.09547302300007
            ],
            [
              77.12893501900004,
              37.094599035000044
            ],
            [
              77.14209312500003,
              37.09484809500003
            ],
            [
              77.15199766000006,
              37.09705143800005
            ],
            [
              77.16271413100003,
              37.097833268000045
            ],
            [
              77.17319009100004,
              37.09859667100005
            ],
            [
              77.18434941000004,
              37.099127673000055
            ],
            [
              77.19467864500007,
              37.09849920100004
            ],
            [
              77.20691981800007,
              37.099511955000025
            ],
            [
              77.21990821400004,
              37.10190683800005
            ],
            [
              77.23068392400006,
              37.107705847000034
            ],
            [
              77.23723764600004,
              37.11181262200006
            ],
            [
              77.24311642200007,
              37.11549579600006
            ],
            [
              77.25186407000007,
              37.117262777000064
            ],
            [
              77.26366396200007,
              37.11858247200007
            ],
            [
              77.27320808800005,
              37.11623018300003
            ],
            [
              77.29144067300007,
              37.11653414800003
            ],
            [
              77.30714327700008,
              37.11757158000006
            ],
            [
              77.31614212300008,
              37.11542168100004
            ],
            [
              77.32359940000003,
              37.113174155000024
            ],
            [
              77.33580405500004,
              37.111731285000076
            ],
            [
              77.36115283800007,
              37.11016650500005
            ],
            [
              77.37674646200009,
              37.10421280600008
            ],
            [
              77.39919286100007,
              37.100641143000075
            ],
            [
              77.41085304100005,
              37.09980210800006
            ],
            [
              77.42713821600006,
              37.10265721300004
            ],
            [
              77.44344204300006,
              37.10633161000004
            ],
            [
              77.45148189700006,
              37.108552340000074
            ],
            [
              77.46139397400003,
              37.11128933800006
            ],
            [
              77.47767745800007,
              37.11863523200003
            ],
            [
              77.50155928800008,
              37.12655392000005
            ],
            [
              77.51684304000008,
              37.12767808300004
            ],
            [
              77.52826689700004,
              37.12851713300006
            ],
            [
              77.53353417200003,
              37.12961060300006
            ],
            [
              77.54935724300005,
              37.13289393800005
            ],
            [
              77.56134246300007,
              37.13462181700004
            ],
            [
              77.57918671500005,
              37.137192164000055
            ],
            [
              77.59235669000003,
              37.136289598000076
            ],
            [
              77.60840588400004,
              37.135187862000066
            ],
            [
              77.63888022500004,
              37.14017516800004
            ],
            [
              77.66117333800008,
              37.14191084700008
            ],
            [
              77.68192309800008,
              37.14190006600006
            ],
            [
              77.71400958900006,
              37.13529017600007
            ],
            [
              77.73704780900005,
              37.13090869700005
            ],
            [
              77.76008339200008,
              37.126523090000035
            ],
            [
              77.78166193000004,
              37.126570980000054
            ],
            [
              77.80398863600004,
              37.12344631700006
            ],
            [
              77.82224099400008,
              37.11743581600007
            ],
            [
              77.83531992100008,
              37.114820939000026
            ],
            [
              77.84499790200005,
              37.11288504300006
            ],
            [
              77.85821674500005,
              37.11016276400005
            ],
            [
              77.86916544100006,
              37.107906823000064
            ],
            [
              77.89948462200005,
              37.107657032000084
            ],
            [
              77.92516944500005,
              37.10486587500004
            ],
            [
              77.94097564600008,
              37.09971398000005
            ],
            [
              77.96436302900008,
              37.09541395700006
            ],
            [
              77.98140782900003,
              37.091797591000045
            ],
            [
              78.00261184700008,
              37.08275738000003
            ],
            [
              78.02716629500003,
              37.07662221500004
            ],
            [
              78.04871298000006,
              37.074452704000066
            ],
            [
              78.07374669500007,
              37.07132818500003
            ],
            [
              78.10203892700008,
              37.06525460300003
            ],
            [
              78.12518556600008,
              37.06123055900008
            ],
            [
              78.14984991300008,
              37.054668744000026
            ],
            [
              78.17975543000006,
              37.04935645300003
            ],
            [
              78.20609260300006,
              37.04867344400003
            ],
            [
              78.22920530500005,
              37.04996781300008
            ],
            [
              78.25480771100007,
              37.04693273200007
            ],
            [
              78.27125954600007,
              37.041755987000045
            ],
            [
              78.28689361100004,
              37.03207027600007
            ],
            [
              78.31016387300008,
              37.03025012200004
            ],
            [
              78.33343302900006,
              37.02842575400007
            ],
            [
              78.35187804400005,
              37.02901882700007
            ],
            [
              78.37032334200006,
              37.02960925200006
            ],
            [
              78.39475949100006,
              37.03419989100007
            ],
            [
              78.41583704700008,
              37.03238066200004
            ],
            [
              78.43900908700004,
              37.02903917100008
            ],
            [
              78.45773661400005,
              37.02410088800008
            ],
            [
              78.47560993800005,
              37.01730862800008
            ],
            [
              78.49476053000006,
              37.01171589300003
            ],
            [
              78.52043667400005,
              37.00257391900004
            ],
            [
              78.55029317900005,
              36.99979809400003
            ],
            [
              78.56655512800006,
              36.99751412300003
            ],
            [
              78.59008819500008,
              36.99460596900008
            ],
            [
              78.61118980900005,
              36.99575741900003
            ],
            [
              78.63376499500004,
              37.000263647000054
            ],
            [
              78.64922799800007,
              37.00715191000006
            ],
            [
              78.67002645300005,
              37.00957959800007
            ],
            [
              78.68871760600007,
              37.00549865800008
            ],
            [
              78.69650386000006,
              37.00834435500008
            ],
            [
              78.73134119000008,
              37.00473249500004
            ],
            [
              78.75979251300004,
              37.00000578800007
            ],
            [
              78.77275295200008,
              36.993420882000066
            ],
            [
              78.78466259800007,
              36.977218718000074
            ],
            [
              78.79486890000004,
              36.96354170500007
            ],
            [
              78.80277664500007,
              36.95002525700006
            ],
            [
              78.81068160700005,
              36.93650830000007
            ],
            [
              78.82202859100005,
              36.92311835400005
            ],
            [
              78.85251321900006,
              36.91109032600008
            ],
            [
              78.87043416700004,
              36.90550069000005
            ],
            [
              78.89127671600005,
              36.90577016800006
            ],
            [
              78.91674792200007,
              36.901864362000026
            ],
            [
              78.93875595400004,
              36.89529493500004
            ],
            [
              78.95317647100006,
              36.88351014600005
            ],
            [
              78.96694422700006,
              36.874497054000074
            ],
            [
              78.98354980000005,
              36.86631491500003
            ],
            [
              78.99970752300004,
              36.85694826800005
            ],
            [
              79.02391246300004,
              36.85094520600006
            ],
            [
              79.04534976100007,
              36.83884005400006
            ],
            [
              79.07198923500005,
              36.83037985400006
            ],
            [
              79.09627270900006,
              36.83215922900007
            ],
            [
              79.12281289100008,
              36.83794866300008
            ],
            [
              79.14127950000007,
              36.844487582000056
            ],
            [
              79.15476012400006,
              36.84848077600003
            ],
            [
              79.18223472200003,
              36.853843073000064
            ],
            [
              79.21581265200007,
              36.85167580500007
            ],
            [
              79.23730830200003,
              36.84141626300004
            ],
            [
              79.25192628800005,
              36.823838221000074
            ],
            [
              79.26623909800009,
              36.80256491700004
            ],
            [
              79.28713320100007,
              36.787374826000075
            ],
            [
              79.30888007200008,
              36.77998400100006
            ],
            [
              79.33986629600008,
              36.780636901000044
            ],
            [
              79.34745098500008,
              36.77365686400003
            ],
            [
              79.35994687800007,
              36.76215338500003
            ],
            [
              79.38374827100006,
              36.74740058700007
            ],
            [
              79.40754054300004,
              36.73264332400004
            ],
            [
              79.43090790200006,
              36.73022315700007
            ],
            [
              79.45427379000006,
              36.727798722000045
            ],
            [
              79.47763820600005,
              36.72537002000007
            ],
            [
              79.50332501100007,
              36.72350481700005
            ],
            [
              79.54359796100005,
              36.73170280900007
            ],
            [
              79.56985705400008,
              36.73014464000005
            ],
            [
              79.59097565300004,
              36.727174999000056
            ],
            [
              79.60856989000007,
              36.724938886000075
            ],
            [
              79.62645121700007,
              36.71767844800007
            ],
            [
              79.65319946800008,
              36.71184939600005
            ],
            [
              79.69722862200007,
              36.71023599500006
            ],
            [
              79.71818267200008,
              36.71374445400005
            ],
            [
              79.75432369400005,
              36.717047800000046
            ],
            [
              79.77002818200003,
              36.71622352900005
            ],
            [
              79.78847617400004,
              36.70905813200005
            ],
            [
              79.79946653800005,
              36.70479620400005
            ],
            [
              79.81780976400006,
              36.70287210600003
            ],
            [
              79.82654660100008,
              36.70003527800003
            ],
            [
              79.83746531700007,
              36.69159192800004
            ],
            [
              79.84490237100005,
              36.68201120800006
            ],
            [
              79.85894067400005,
              36.675987657000064
            ],
            [
              79.87111673900006,
              36.67104408600005
            ],
            [
              79.88444228900005,
              36.66563175300007
            ],
            [
              79.89470915800007,
              36.665373577000025
            ],
            [
              79.90488862000007,
              36.66378920900007
            ],
            [
              79.92081622300003,
              36.65178121400004
            ],
            [
              79.93750263200008,
              36.64059283600005
            ],
            [
              79.96040741700007,
              36.623991500000045
            ],
            [
              79.97330406200007,
              36.62082010000006
            ],
            [
              79.98901040800007,
              36.626972178000074
            ],
            [
              79.99890755600006,
              36.62888039500007
            ],
            [
              80.01391622400007,
              36.63039532800008
            ],
            [
              80.04074150500008,
              36.638499969000065
            ],
            [
              80.06986010100007,
              36.64728916900003
            ],
            [
              80.09544200400006,
              36.653174179000075
            ],
            [
              80.12119173500008,
              36.659091715000045
            ],
            [
              80.14961281500007,
              36.66355932700003
            ],
            [
              80.18068375500008,
              36.67039514800007
            ],
            [
              80.2001350450001,
              36.67550954300003
            ],
            [
              80.21855291300005,
              36.67722340000006
            ],
            [
              80.24236902100006,
              36.68145096300003
            ],
            [
              80.26517784200007,
              36.68305944900004
            ],
            [
              80.28052788300005,
              36.68464088200005
            ],
            [
              80.30282815000004,
              36.68590045000008
            ],
            [
              80.32002987300007,
              36.682770729000026
            ],
            [
              80.34252895400004,
              36.67198889100007
            ],
            [
              80.36824006600006,
              36.660870301000045
            ],
            [
              80.38895834900006,
              36.65359564200003
            ],
            [
              80.40432906100006,
              36.64840673600003
            ],
            [
              80.42417356800007,
              36.63805894300003
            ],
            [
              80.43764123700005,
              36.63201068600006
            ],
            [
              80.45899500800006,
              36.62750756200006
            ],
            [
              80.47720369200005,
              36.62310949700003
            ],
            [
              80.49652756400008,
              36.61211068100005
            ],
            [
              80.51968099100003,
              36.59782048400007
            ],
            [
              80.53760762800005,
              36.586749687000065
            ],
            [
              80.54071052700004,
              36.58050284700005
            ],
            [
              80.54547500100006,
              36.57057313300004
            ],
            [
              80.54435409700005,
              36.555958427000064
            ],
            [
              80.54389188300007,
              36.54752671600005
            ],
            [
              80.54143158000005,
              36.536172245000046
            ],
            [
              80.54095528300007,
              36.52137316900007
            ],
            [
              80.53579515700005,
              36.50888641600005
            ],
            [
              80.52117050000004,
              36.49220200900004
            ],
            [
              80.50581483600007,
              36.47543461500004
            ],
            [
              80.48709219800008,
              36.45518089300003
            ],
            [
              80.47522373400005,
              36.44059820500007
            ],
            [
              80.46437077600008,
              36.42184888400004
            ],
            [
              80.44773955200003,
              36.406613181000075
            ],
            [
              80.42510458100008,
              36.38748885800004
            ],
            [
              80.41436946000005,
              36.37745605500004
            ],
            [
              80.39867298100006,
              36.363715133000035
            ],
            [
              80.38101318900004,
              36.35371138100004
            ],
            [
              80.36674546600005,
              36.34328768100005
            ],
            [
              80.34811089400006,
              36.333447215000035
            ],
            [
              80.31880688000007,
              36.31786847800004
            ],
            [
              80.29420221800007,
              36.30357458700007
            ],
            [
              80.27624440600005,
              36.293129333000024
            ],
            [
              80.26888118500005,
              36.288252886000066
            ],
            [
              80.24968928400006,
              36.279161147000025
            ],
            [
              80.23914639300006,
              36.271630852000044
            ],
            [
              80.23603304700003,
              36.262677937000035
            ],
            [
              80.23207367700007,
              36.24920828000006
            ],
            [
              80.23312295400007,
              36.237459354000066
            ],
            [
              80.23842640400005,
              36.22546967300008
            ],
            [
              80.24249149000008,
              36.22011832100004
            ],
            [
              80.24809292800006,
              36.212898421000034
            ],
            [
              80.25599813900004,
              36.20287549500006
            ],
            [
              80.26599131300003,
              36.19667774000004
            ],
            [
              80.28842575900006,
              36.17758931700007
            ],
            [
              80.30419788700004,
              36.170414657000045
            ],
            [
              80.31996709800006,
              36.16323802100004
            ],
            [
              80.34151082500006,
              36.155591394000055
            ],
            [
              80.36305030500006,
              36.14794109200005
            ],
            [
              80.38983955700007,
              36.146888439000065
            ],
            [
              80.40748695800005,
              36.14181505200003
            ],
            [
              80.42513205300008,
              36.13673920300005
            ],
            [
              80.44276116200007,
              36.13773220200005
            ],
            [
              80.45929807600004,
              36.13483042000007
            ],
            [
              80.48453585600004,
              36.13096793100004
            ],
            [
              80.50867616600004,
              36.12320849500003
            ],
            [
              80.52902047500004,
              36.12275638600005
            ],
            [
              80.54614270200005,
              36.116810075000046
            ],
            [
              80.55716144400003,
              36.10413119400005
            ],
            [
              80.56776691500005,
              36.09832241500004
            ],
            [
              80.58907156100008,
              36.094844297000066
            ],
            [
              80.61037429800008,
              36.091362599000036
            ],
            [
              80.62853352200007,
              36.085904578000054
            ],
            [
              80.64669019300004,
              36.08044394700005
            ],
            [
              80.66650876900007,
              36.071706575000064
            ],
            [
              80.68377257800006,
              36.064500045000045
            ],
            [
              80.70103318300005,
              36.05729114500008
            ],
            [
              80.71931844400007,
              36.05246512800005
            ],
            [
              80.73760143200008,
              36.047636467000075
            ],
            [
              80.76463158100006,
              36.04990770500007
            ],
            [
              80.77878032500007,
              36.05020689600008
            ],
            [
              80.79118375100006,
              36.04620320200007
            ],
            [
              80.81130793500006,
              36.04308981600008
            ],
            [
              80.83106393400004,
              36.04051330600004
            ],
            [
              80.85550999000003,
              36.03976200100004
            ],
            [
              80.87131365100004,
              36.03794016300003
            ],
            [
              80.8771875990001,
              36.03480121200005
            ],
            [
              80.88508551100007,
              36.03266602000008
            ],
            [
              80.90057481900004,
              36.03381718900005
            ],
            [
              80.92332953100004,
              36.03702290700005
            ],
            [
              80.94518081100006,
              36.03553180600005
            ],
            [
              80.96742545900008,
              36.03835143900005
            ],
            [
              80.98841191600008,
              36.04044206800006
            ],
            [
              81.00883251300007,
              36.044383792000076
            ],
            [
              81.02907394300007,
              36.04889833300007
            ],
            [
              81.04985516000005,
              36.05045806500004
            ],
            [
              81.07079762300003,
              36.05647486500004
            ],
            [
              81.09103280500005,
              36.058533201000046
            ],
            [
              81.12091347500007,
              36.05908002900003
            ],
            [
              81.13962203200005,
              36.05915728000008
            ],
            [
              81.15803774400007,
              36.06390970500007
            ],
            [
              81.17317118200003,
              36.06543450200007
            ],
            [
              81.19487620900009,
              36.06653517900003
            ],
            [
              81.21401672000007,
              36.068974095000044
            ],
            [
              81.22757020000006,
              36.07431248100005
            ],
            [
              81.23947687200007,
              36.080556096000066
            ],
            [
              81.24846990900005,
              36.084257456000046
            ],
            [
              81.26931695700006,
              36.08732594600008
            ],
            [
              81.28612208200008,
              36.09321121000005
            ],
            [
              81.30623156300004,
              36.10334510300004
            ],
            [
              81.32164463900006,
              36.10873063900004
            ],
            [
              81.33253765500007,
              36.11324382600003
            ],
            [
              81.34657831900006,
              36.11453775100006
            ],
            [
              81.35732386200004,
              36.11630338000003
            ],
            [
              81.38219569700004,
              36.11707937400007
            ],
            [
              81.40573011000004,
              36.12253413600007
            ],
            [
              81.42926782800004,
              36.127984524000055
            ],
            [
              81.45831640500008,
              36.13372746500005
            ],
            [
              81.48203147400005,
              36.139726729000074
            ],
            [
              81.50525654200004,
              36.14288734400003
            ],
            [
              81.52552785300009,
              36.14930123800008
            ],
            [
              81.54961495300006,
              36.150937043000056
            ],
            [
              81.57502080600005,
              36.15907052600005
            ],
            [
              81.59792820300004,
              36.17344077200005
            ],
            [
              81.61878408100006,
              36.18879340600006
            ],
            [
              81.63881876100004,
              36.19666599900006
            ],
            [
              81.66088094500003,
              36.20430393400005
            ],
            [
              81.68035727900008,
              36.21465659000006
            ],
            [
              81.69689846500006,
              36.22325904400003
            ],
            [
              81.71514034100005,
              36.227920382000036
            ],
            [
              81.73255647300005,
              36.243121777000056
            ],
            [
              81.75141365700006,
              36.25688685700005
            ],
            [
              81.77244941000004,
              36.27174031000005
            ],
            [
              81.79492716700008,
              36.28515588100004
            ],
            [
              81.82223748800004,
              36.29235037800004
            ],
            [
              81.83935099800004,
              36.29673158800006
            ],
            [
              81.85646644300004,
              36.30111048900005
            ],
            [
              81.87766864500009,
              36.31129067400008
            ],
            [
              81.89887642000008,
              36.32146729300007
            ],
            [
              81.91590070600006,
              36.342879237000034
            ],
            [
              81.93062746000004,
              36.363766371000054
            ],
            [
              81.94301781300004,
              36.37583386000006
            ],
            [
              81.95541203000005,
              36.38790010100007
            ],
            [
              81.97871692200005,
              36.39755544700006
            ],
            [
              82.00202763100005,
              36.407206502000065
            ],
            [
              82.02607338900003,
              36.41994189900004
            ],
            [
              82.05012706500008,
              36.432672714000034
            ],
            [
              82.06798894900004,
              36.44692771600006
            ],
            [
              82.08717078600006,
              36.45816556900007
            ],
            [
              82.10390842100009,
              36.46625361100007
            ],
            [
              82.12116893400008,
              36.473986283000045
            ],
            [
              82.15212254800008,
              36.48336707300007
            ],
            [
              82.18308367500003,
              36.492740328000025
            ],
            [
              82.20736647400008,
              36.498175157000055
            ],
            [
              82.24074514200004,
              36.502714655000034
            ],
            [
              82.26280224300007,
              36.509101188000045
            ],
            [
              82.28149266700007,
              36.51450909700004
            ],
            [
              82.30167704000007,
              36.531162626000025
            ],
            [
              82.33223381200008,
              36.545519986000045
            ],
            [
              82.35495812500005,
              36.55662756800007
            ],
            [
              82.36968761000008,
              36.56370020800006
            ],
            [
              82.38851334900005,
              36.56755059300008
            ],
            [
              82.40598124300004,
              36.57267572400008
            ],
            [
              82.42681265700008,
              36.57703298700005
            ],
            [
              82.44908337300006,
              36.57631868200008
            ],
            [
              82.48075390600007,
              36.58002451900006
            ],
            [
              82.50505187700008,
              36.58194574800007
            ],
            [
              82.52434529700008,
              36.58357504800006
            ],
            [
              82.55745044700006,
              36.58021419700003
            ],
            [
              82.59365845200007,
              36.57787872700004
            ],
            [
              82.61640325700007,
              36.57415258700007
            ],
            [
              82.63336087700003,
              36.57306664500004
            ],
            [
              82.65619509000004,
              36.571959512000035
            ],
            [
              82.67644579100005,
              36.57297539100006
            ],
            [
              82.72192231400004,
              36.57405457100003
            ],
            [
              82.74444230100005,
              36.57333242300007
            ],
            [
              82.76548820300007,
              36.57630009700006
            ],
            [
              82.77231971400005,
              36.57903048000003
            ],
            [
              82.78028605500003,
              36.57922340700003
            ],
            [
              82.78703480700005,
              36.57889628500004
            ],
            [
              82.79497562200004,
              36.57984424800003
            ],
            [
              82.80778802000003,
              36.57952331900003
            ],
            [
              82.83208488800005,
              36.579403693000074
            ],
            [
              82.85384564300006,
              36.58126548700005
            ],
            [
              82.86912168800006,
              36.58456618800005
            ],
            [
              82.87759484100008,
              36.583017409000036
            ],
            [
              82.88861326000006,
              36.58146001500006
            ],
            [
              82.90052336200006,
              36.58355594900007
            ],
            [
              82.90898267200004,
              36.58219761500004
            ],
            [
              82.91836082200007,
              36.584107818000064
            ],
            [
              82.9252048960001,
              36.58546271600005
            ],
            [
              82.93803772800004,
              36.58434051300003
            ],
            [
              82.96286167000005,
              36.58487078400003
            ],
            [
              82.97191107100008,
              36.58697111000004
            ],
            [
              82.98844378300004,
              36.58765889800003
            ],
            [
              83.01777689600004,
              36.586642908000044
            ],
            [
              83.05018471100004,
              36.584141818000035
            ],
            [
              83.07128740900005,
              36.580656375000046
            ],
            [
              83.09137224300008,
              36.57867973300006
            ],
            [
              83.1111665270001,
              36.581009996000034
            ],
            [
              83.13032889300007,
              36.585610994000035
            ],
            [
              83.14458870500005,
              36.58567001800003
            ],
            [
              83.16048066400003,
              36.58751119600004
            ],
            [
              83.17078646800007,
              36.58838990600003
            ],
            [
              83.17695985300008,
              36.584599239000056
            ],
            [
              83.18317042200005,
              36.58339815200003
            ],
            [
              83.19163535000007,
              36.58319585900006
            ],
            [
              83.20131225100005,
              36.58585683100006
            ],
            [
              83.21209927600006,
              36.58750500600007
            ],
            [
              83.22350417100006,
              36.58659458600005
            ],
            [
              83.24632023300006,
              36.58581327800005
            ],
            [
              83.27767369300005,
              36.59253932000007
            ],
            [
              83.30391478500009,
              36.60551238900007
            ],
            [
              83.31735279500003,
              36.61253980500004
            ],
            [
              83.34249159600006,
              36.618998558000044
            ],
            [
              83.35757054500004,
              36.625088067000036
            ],
            [
              83.37076497600003,
              36.62887671300007
            ],
            [
              83.39489895800006,
              36.63545445400007
            ],
            [
              83.41112779900004,
              36.64370826600003
            ],
            [
              83.42903871000004,
              36.648670596000045
            ],
            [
              83.44536439400008,
              36.65554360100003
            ],
            [
              83.46478693900008,
              36.659281717000056
            ],
            [
              83.48318127400006,
              36.666831699000056
            ],
            [
              83.49676945500005,
              36.67340564400007
            ],
            [
              83.51351420900005,
              36.67651794300008
            ],
            [
              83.53797706800003,
              36.67993639800006
            ],
            [
              83.55542913700003,
              36.68242422400005
            ],
            [
              83.57921145900008,
              36.688977882000074
            ],
            [
              83.60286944300003,
              36.69178553300003
            ],
            [
              83.62444120500004,
              36.70061033200005
            ],
            [
              83.65050994200004,
              36.70806771600007
            ],
            [
              83.66656502200004,
              36.71985627400005
            ],
            [
              83.68410370200007,
              36.734703136000064
            ],
            [
              83.69487088700004,
              36.739559593000024
            ],
            [
              83.70772597800004,
              36.74674076900004
            ],
            [
              83.71674990300005,
              36.750845034000065
            ],
            [
              83.72469430500007,
              36.75461453100007
            ],
            [
              83.7539519250001,
              36.763342934000036
            ],
            [
              83.7757090680001,
              36.76899179600008
            ],
            [
              83.78784877400007,
              36.77299577300005
            ],
            [
              83.79633959400007,
              36.770630094000076
            ],
            [
              83.80737058000005,
              36.76786864400003
            ],
            [
              83.83169002100004,
              36.76843687100006
            ],
            [
              83.85100787300007,
              36.77060056300007
            ],
            [
              83.86419015800004,
              36.77316980000006
            ],
            [
              83.87739800800007,
              36.77897450100005
            ],
            [
              83.88820316500005,
              36.78509373400004
            ],
            [
              83.90050116000003,
              36.79607953800007
            ],
            [
              83.91312695000005,
              36.80542476900007
            ],
            [
              83.92403412100003,
              36.811197754000034
            ],
            [
              83.93554255500004,
              36.818147313000054
            ],
            [
              83.94945876300005,
              36.824778828000035
            ],
            [
              83.95675984800005,
              36.833537886000045
            ],
            [
              83.96820781300005,
              36.844064487000026
            ],
            [
              83.97684240700005,
              36.85304382500004
            ],
            [
              83.98328905100004,
              36.864950226000076
            ],
            [
              83.99239706000003,
              36.87480113200007
            ],
            [
              84.00303490200008,
              36.88630262100003
            ],
            [
              84.02080398800007,
              36.901707255000076
            ],
            [
              84.04231581200008,
              36.91132184400004
            ],
            [
              84.05752758300008,
              36.919799760000046
            ],
            [
              84.07701709600008,
              36.926765172000046
            ],
            [
              84.09762159400003,
              36.93448195000008
            ],
            [
              84.11537772800006,
              36.942442269000026
            ],
            [
              84.13259305400004,
              36.94564352800006
            ],
            [
              84.14904585700003,
              36.94656270400003
            ],
            [
              84.15985955100007,
              36.94942217200003
            ],
            [
              84.18050693000004,
              36.955335597000044
            ],
            [
              84.20112948200006,
              36.963035726000044
            ],
            [
              84.22042388800008,
              36.97051370300005
            ],
            [
              84.24378894000006,
              36.981464419000076
            ],
            [
              84.26642037400006,
              36.989438810000024
            ],
            [
              84.28875810400007,
              36.99937420700007
            ],
            [
              84.31905598600008,
              37.00356275400003
            ],
            [
              84.35115337300005,
              37.008419881000066
            ],
            [
              84.38254362900005,
              37.01315316900008
            ],
            [
              84.41568991100007,
              37.01851663600007
            ],
            [
              84.44821323400004,
              37.024307376000024
            ],
            [
              84.46643577500004,
              37.031482029000074
            ],
            [
              84.48007111700008,
              37.04467933300003
            ],
            [
              84.49959853900003,
              37.050311373000056
            ],
            [
              84.51039870700004,
              37.060513153000045
            ],
            [
              84.52747012500004,
              37.069902400000046
            ],
            [
              84.54475975000008,
              37.07580266800005
            ],
            [
              84.56667238100005,
              37.088662026000065
            ],
            [
              84.58636719700007,
              37.09829035800004
            ],
            [
              84.60428223000008,
              37.10397804200005
            ],
            [
              84.61989281600006,
              37.108205250000026
            ],
            [
              84.63280882400005,
              37.11270391100004
            ],
            [
              84.65386922200008,
              37.11684174700008
            ],
            [
              84.67180339000004,
              37.12895639200008
            ],
            [
              84.68812958300003,
              37.13898171900007
            ],
            [
              84.70405972600008,
              37.14750485400003
            ],
            [
              84.71473799900008,
              37.153245095000045
            ],
            [
              84.72325289100007,
              37.15808908200006
            ],
            [
              84.73501401800007,
              37.16726328400006
            ],
            [
              84.75439519300005,
              37.18032392400005
            ],
            [
              84.76825543900009,
              37.19161910200006
            ],
            [
              84.78259270400008,
              37.20041389900007
            ],
            [
              84.81115209600006,
              37.201838577000046
            ],
            [
              84.83601880700007,
              37.20138945900004
            ],
            [
              84.86157464600007,
              37.20175868000007
            ],
            [
              84.87847500900006,
              37.20171222100004
            ],
            [
              84.89601627400003,
              37.20247751200003
            ],
            [
              84.90708742200007,
              37.199847918000046
            ],
            [
              84.92525193600005,
              37.19564119900008
            ],
            [
              84.94654124300007,
              37.19310086400003
            ],
            [
              84.96823118200007,
              37.18730797200004
            ],
            [
              84.97796310300004,
              37.17232670400006
            ],
            [
              84.98028201800008,
              37.16209711400006
            ],
            [
              84.97797330900005,
              37.150078234000034
            ],
            [
              84.97288792900008,
              37.135956081000074
            ],
            [
              84.96938320800007,
              37.12919706100007
            ],
            [
              84.97065817300006,
              37.12364647800007
            ],
            [
              84.97444443900008,
              37.120459991000075
            ],
            [
              84.98351493000007,
              37.12249658200005
            ],
            [
              84.99427724200007,
              37.124132803000066
            ],
            [
              85.01860340900004,
              37.12865919500007
            ],
            [
              85.04293244800004,
              37.13318098600007
            ],
            [
              85.06303294500005,
              37.13362828700008
            ],
            [
              85.08156935000005,
              37.14034462400008
            ],
            [
              85.10773423900008,
              37.14902419500004
            ],
            [
              85.13511673900007,
              37.152619565000066
            ],
            [
              85.16283677100006,
              37.16110643300004
            ],
            [
              85.18656057900006,
              37.16100883200006
            ],
            [
              85.20883834600005,
              37.16281832000004
            ],
            [
              85.23163944900006,
              37.16712576500004
            ],
            [
              85.25437591100007,
              37.16718300800005
            ],
            [
              85.27001960500007,
              37.169613921000064
            ],
            [
              85.28400342500004,
              37.17314655900003
            ],
            [
              85.29141984400009,
              37.18155808000006
            ],
            [
              85.30055279200008,
              37.18633451100004
            ],
            [
              85.31018329700004,
              37.19611425100004
            ],
            [
              85.31888623200007,
              37.20563023500006
            ],
            [
              85.32469092700006,
              37.21046159700006
            ],
            [
              85.33049777700006,
              37.21378039700005
            ],
            [
              85.33254761200004,
              37.22340569200003
            ],
            [
              85.33535746500007,
              37.22783031800003
            ],
            [
              85.33823521600004,
              37.232361267000044
            ],
            [
              85.34209376900003,
              37.23843552300008
            ],
            [
              85.34699486400007,
              37.24614942100004
            ],
            [
              85.37124856600008,
              37.260542497000074
            ],
            [
              85.39436701100004,
              37.26553826700007
            ],
            [
              85.41762565000005,
              37.275774709000075
            ],
            [
              85.44515250600006,
              37.276379260000056
            ],
            [
              85.46494991600008,
              37.283011646000034
            ],
            [
              85.49163374900007,
              37.29724408000004
            ],
            [
              85.51825835600005,
              37.30346840000004
            ],
            [
              85.53231947400008,
              37.309097035000036
            ],
            [
              85.53788286300005,
              37.314936921000026
            ],
            [
              85.54325814000003,
              37.320747691000065
            ],
            [
              85.55241815500005,
              37.32647636300004
            ],
            [
              85.56082771600006,
              37.32996499600006
            ],
            [
              85.58098982500007,
              37.33832554000003
            ],
            [
              85.60551561700004,
              37.346722757000066
            ],
            [
              85.63139512500004,
              37.35610221600007
            ],
            [
              85.64632420900006,
              37.365450915000054
            ],
            [
              85.66223659500008,
              37.37756500900008
            ],
            [
              85.69073801400003,
              37.38371211100008
            ],
            [
              85.71689747400006,
              37.39437051500005
            ],
            [
              85.74198582400004,
              37.40330826400003
            ],
            [
              85.76708004700004,
              37.41224113800007
            ],
            [
              85.79511186600007,
              37.42221148400006
            ],
            [
              85.80518633900004,
              37.42579264700004
            ],
            [
              85.81685287300007,
              37.42993833600008
            ],
            [
              85.82901612900008,
              37.43176831300008
            ],
            [
              85.84087064200008,
              37.438637018000065
            ],
            [
              85.84727440700004,
              37.44234650100003
            ],
            [
              85.85471992500004,
              37.44665858500008
            ],
            [
              85.86189430200005,
              37.44947815300003
            ],
            [
              85.86706282700004,
              37.45150903500007
            ],
            [
              85.87265686300003,
              37.453706759000056
            ],
            [
              85.87754115100006,
              37.458995112000025
            ],
            [
              85.88046595400004,
              37.46064205700003
            ],
            [
              85.88589532600008,
              37.46326841100006
            ],
            [
              85.89188857400006,
              37.46522349400005
            ],
            [
              85.89761394500005,
              37.46668491600008
            ],
            [
              85.90283456500003,
              37.46831985000006
            ],
            [
              85.90829860400004,
              37.47116656500003
            ],
            [
              85.91673827700004,
              37.47347382100003
            ],
            [
              85.92638063300006,
              37.477332223000076
            ],
            [
              85.94583808400006,
              37.49071232000006
            ],
            [
              85.95500531900007,
              37.495347190000075
            ],
            [
              85.95916460100005,
              37.50428627400004
            ],
            [
              85.95868120200004,
              37.51012702500003
            ],
            [
              85.96218869100005,
              37.519024509000076
            ],
            [
              85.96491325100004,
              37.52593443200005
            ],
            [
              85.97245442800005,
              37.54212470500005
            ],
            [
              85.97721603700006,
              37.551798064000025
            ],
            [
              85.98343348100008,
              37.55768242800008
            ],
            [
              85.99151454400004,
              37.563080651000064
            ],
            [
              86.00847651400005,
              37.571705294000026
            ],
            [
              86.03912222700006,
              37.58769725500008
            ],
            [
              86.05497285100006,
              37.59386098500005
            ],
            [
              86.06939613800006,
              37.600764585000036
            ],
            [
              86.08587270600005,
              37.60940005600003
            ],
            [
              86.10310625300008,
              37.63482960800008
            ],
            [
              86.11656979100007,
              37.65302523200006
            ],
            [
              86.14289206400008,
              37.67454347200004
            ],
            [
              86.15840328100006,
              37.68417121300007
            ],
            [
              86.17030288600006,
              37.703499116000046
            ],
            [
              86.17930706600004,
              37.71856656800003
            ],
            [
              86.19082697800008,
              37.73680978900006
            ],
            [
              86.20355796400008,
              37.758400782000024
            ],
            [
              86.21053414700005,
              37.77047747200004
            ],
            [
              86.22319391600007,
              37.79238248900003
            ],
            [
              86.23955292600004,
              37.813134114000036
            ],
            [
              86.24907485400007,
              37.82739437600003
            ],
            [
              86.25206155900008,
              37.83914329800007
            ],
            [
              86.25972613800009,
              37.85053041500004
            ],
            [
              86.26555045300006,
              37.85918091600007
            ],
            [
              86.27444781000008,
              37.872391331000074
            ],
            [
              86.28518256900009,
              37.88832294700006
            ],
            [
              86.30852993100007,
              37.904510060000064
            ],
            [
              86.32869223100005,
              37.918480024000075
            ],
            [
              86.35660919500003,
              37.93883996900008
            ],
            [
              86.37951905200003,
              37.943358911000075
            ],
            [
              86.41013598900008,
              37.94945345800005
            ],
            [
              86.43682359300004,
              37.95759875300007
            ],
            [
              86.46215074200006,
              37.971258447000025
            ],
            [
              86.48455266100008,
              37.98163243400006
            ],
            [
              86.50191039400005,
              37.992228985000054
            ],
            [
              86.51705307200008,
              37.99916974800004
            ],
            [
              86.53709428900004,
              38.011574978000056
            ],
            [
              86.55258419700004,
              38.01713146000003
            ],
            [
              86.56445721200004,
              38.022167582000066
            ],
            [
              86.57489881000004,
              38.027950056000066
            ],
            [
              86.59039483900006,
              38.03350205700008
            ],
            [
              86.60238604200003,
              38.03807463000004
            ],
            [
              86.61502033600004,
              38.045119137000036
            ],
            [
              86.62991933100005,
              38.050580258000025
            ],
            [
              86.64584105400007,
              38.059518937000064
            ],
            [
              86.66051952100008,
              38.065896888000054
            ],
            [
              86.67950706600004,
              38.07764821200004
            ],
            [
              86.69581897400008,
              38.08758711000007
            ],
            [
              86.70952431700005,
              38.09286752500003
            ],
            [
              86.73414539100008,
              38.102075384000045
            ],
            [
              86.76013580800009,
              38.113376232000064
            ],
            [
              86.77653481500005,
              38.12045800800007
            ],
            [
              86.79096810800007,
              38.125355065000065
            ],
            [
              86.81379655900008,
              38.13429178800005
            ],
            [
              86.83139237200004,
              38.14677121400007
            ],
            [
              86.84955290500005,
              38.15694658900003
            ],
            [
              86.87266755200005,
              38.167339215000034
            ],
            [
              86.88864253500003,
              38.17624843600004
            ],
            [
              86.91264393900008,
              38.18818502600004
            ],
            [
              86.93270338900004,
              38.195756138000036
            ],
            [
              86.94539959700006,
              38.18847656200006
            ],
            [
              86.94946169900004,
              38.18334604900008
            ],
            [
              86.95348694600006,
              38.17962534000004
            ],
            [
              86.95905494200008,
              38.17469240600008
            ],
            [
              86.96320288500004,
              38.16527694200005
            ],
            [
              86.97333556500007,
              38.15955409700007
            ],
            [
              86.98938158500005,
              38.165603720000036
            ],
            [
              87.00427100400003,
              38.17386937500004
            ],
            [
              87.01843856200009,
              38.18002379600006
            ],
            [
              87.0367603110001,
              38.18696434000003
            ],
            [
              87.05523766000005,
              38.19334285000008
            ],
            [
              87.07498611800008,
              38.19703958200006
            ],
            [
              87.09308817600004,
              38.19717352400005
            ],
            [
              87.10844117500005,
              38.19311697400008
            ],
            [
              87.12890212900004,
              38.19397828100006
            ],
            [
              87.15806849400008,
              38.19475410000007
            ],
            [
              87.17666782300006,
              38.200654808000024
            ],
            [
              87.19548954400005,
              38.205631588000074
            ],
            [
              87.21397998500004,
              38.20675354600007
            ],
            [
              87.23951719900003,
              38.20979406400005
            ],
            [
              87.28310318000007,
              38.210550467000076
            ],
            [
              87.30100146800004,
              38.216811086000064
            ],
            [
              87.31581406600003,
              38.22026787600004
            ],
            [
              87.33508549900007,
              38.22338155500006
            ],
            [
              87.35331757500006,
              38.228252731000055
            ],
            [
              87.38646284400006,
              38.23087524500005
            ],
            [
              87.41895989500006,
              38.23625434500008
            ],
            [
              87.43332828200005,
              38.236307035000046
            ],
            [
              87.45386384500006,
              38.236720508000076
            ],
            [
              87.47065600700006,
              38.237098299000024
            ],
            [
              87.48210296700006,
              38.23627355800005
            ],
            [
              87.49569133800009,
              38.23431148200007
            ],
            [
              87.51365395200008,
              38.23769546200003
            ],
            [
              87.53450022400006,
              38.24479511800007
            ],
            [
              87.55012715100008,
              38.26354868900006
            ],
            [
              87.56027266500007,
              38.287666596000065
            ],
            [
              87.56962581700003,
              38.30326688800005
            ],
            [
              87.58316932400004,
              38.32030681100008
            ],
            [
              87.60197190400004,
              38.33092028800007
            ],
            [
              87.61342683500004,
              38.33816584900006
            ],
            [
              87.62492093900005,
              38.34256279500005
            ],
            [
              87.63627258500009,
              38.350267399000074
            ],
            [
              87.65298317800006,
              38.35916467100003
            ],
            [
              87.67716311900006,
              38.37096087600003
            ],
            [
              87.70484885800006,
              38.378466392000064
            ],
            [
              87.74466808200003,
              38.396924339000066
            ],
            [
              87.75634623200006,
              38.423838319000026
            ],
            [
              87.76586846700008,
              38.43413687800006
            ],
            [
              87.77581946100008,
              38.44259015100005
            ],
            [
              87.78714332600003,
              38.44730600200006
            ],
            [
              87.80490804500005,
              38.451634338000076
            ],
            [
              87.82582548000005,
              38.45398094700005
            ],
            [
              87.84828737300006,
              38.470738493000056
            ],
            [
              87.86319382900007,
              38.49129174800004
            ],
            [
              87.87560141500006,
              38.500624808000055
            ],
            [
              87.88694362800004,
              38.50929326500005
            ],
            [
              87.90269963700007,
              38.52015755300005
            ],
            [
              87.93070779500005,
              38.534558209000075
            ],
            [
              87.95042291300007,
              38.54705269700003
            ],
            [
              87.96695356100008,
              38.55323930800006
            ],
            [
              87.99321128400004,
              38.558684508000056
            ],
            [
              88.00241870300005,
              38.570334470000034
            ],
            [
              88.01466082000007,
              38.57818147000006
            ],
            [
              88.03020815000008,
              38.581311053000036
            ],
            [
              88.04317970200005,
              38.593118004000075
            ],
            [
              88.04784292300009,
              38.60302960300004
            ],
            [
              88.05787784500006,
              38.61193501900004
            ],
            [
              88.07161075000005,
              38.61906845900006
            ],
            [
              88.08455715900004,
              38.62030824100003
            ],
            [
              88.11078172700007,
              38.62651981100004
            ],
            [
              88.12708409400005,
              38.634422947000076
            ],
            [
              88.14370905200008,
              38.643842463000055
            ],
            [
              88.16033817800007,
              38.65325990900004
            ],
            [
              88.17606425100007,
              38.662161860000026
            ],
            [
              88.19179405300008,
              38.67106195800005
            ],
            [
              88.21105155100008,
              38.67696777200007
            ],
            [
              88.23031207800005,
              38.68287077400004
            ],
            [
              88.23179002700005,
              38.68216044300004
            ],
            [
              88.24746086100004,
              38.69526902000007
            ],
            [
              88.26931953800005,
              38.708300981000036
            ],
            [
              88.29340299100005,
              38.720262827000056
            ],
            [
              88.31567966000006,
              38.73191596000004
            ],
            [
              88.32252103500008,
              38.73679237600004
            ],
            [
              88.34182264900005,
              38.751612212000055
            ],
            [
              88.35423091800004,
              38.75794865900008
            ],
            [
              88.37000699200007,
              38.763289255000075
            ],
            [
              88.38924603200007,
              38.77001929800008
            ],
            [
              88.41428494800005,
              38.78175872200006
            ],
            [
              88.44055460400006,
              38.793648924000024
            ],
            [
              88.46234594000003,
              38.80591409100004
            ],
            [
              88.48007273000007,
              38.813861006000025
            ],
            [
              88.49943326700009,
              38.82296158300005
            ],
            [
              88.53317590400007,
              38.83530109700007
            ],
            [
              88.56122783300003,
              38.844488571000056
            ],
            [
              88.58539234300008,
              38.85233183500003
            ],
            [
              88.59967430000006,
              38.858876577000046
            ],
            [
              88.62692010700005,
              38.875118016000044
            ],
            [
              88.64580211000005,
              38.88081012300006
            ],
            [
              88.66529942400007,
              38.88657623700004
            ],
            [
              88.68765919500004,
              38.893646415000035
            ],
            [
              88.70685873600007,
              38.900792317000025
            ],
            [
              88.72126191300003,
              38.906862026000056
            ],
            [
              88.73036035100006,
              38.91416713600006
            ],
            [
              88.75967785000006,
              38.921141343000045
            ],
            [
              88.78716209100008,
              38.927880662000064
            ],
            [
              88.81785399200004,
              38.932832733000055
            ],
            [
              88.83119376200005,
              38.933816904000025
            ],
            [
              88.85468976700008,
              38.93577589100005
            ],
            [
              88.87766394800008,
              38.934344403000075
            ],
            [
              88.89316925400004,
              38.92961513800003
            ],
            [
              88.91268652600007,
              38.932496281000056
            ],
            [
              88.93515819000004,
              38.933365511000034
            ],
            [
              88.95555092700005,
              38.92638393000004
            ],
            [
              88.97558673500004,
              38.92050289300005
            ],
            [
              88.98530588100004,
              38.913906465000025
            ],
            [
              89.01790071500005,
              38.89987373100007
            ],
            [
              89.04702190300009,
              38.88730742900003
            ],
            [
              89.07502485200007,
              38.87697127300004
            ],
            [
              89.10630067300008,
              38.86892624600006
            ],
            [
              89.12088836600003,
              38.868330859000025
            ],
            [
              89.14041877500006,
              38.87402649200004
            ],
            [
              89.15847267200007,
              38.88665410400006
            ],
            [
              89.17930094100006,
              38.90025330800006
            ],
            [
              89.18342881600006,
              38.91599660900005
            ],
            [
              89.19946433400008,
              38.93005825800003
            ],
            [
              89.22122566400003,
              38.94072534800006
            ],
            [
              89.23705401100005,
              38.945963938000034
            ],
            [
              89.25415923900005,
              38.95134673300004
            ],
            [
              89.28091444000006,
              38.950697501000036
            ],
            [
              89.29761649300008,
              38.95364929100004
            ],
            [
              89.31885362000008,
              38.957751977000044
            ],
            [
              89.34009307600009,
              38.96185124600004
            ],
            [
              89.36380760100008,
              38.965622206000035
            ],
            [
              89.38611550100006,
              38.95974841000003
            ],
            [
              89.40841989700004,
              38.95387085600004
            ],
            [
              89.42423633100003,
              38.94607990600008
            ],
            [
              89.43897924200007,
              38.94176829700007
            ],
            [
              89.45335877800005,
              38.94158396100005
            ],
            [
              89.46453394600009,
              38.939879259000065
            ],
            [
              89.47213594200008,
              38.939843696000025
            ],
            [
              89.48035922700006,
              38.93758842900007
            ],
            [
              89.48659041800006,
              38.938539836000075
            ],
            [
              89.49777446600007,
              38.93851843600004
            ],
            [
              89.52817321000003,
              38.938708967000025
            ],
            [
              89.53937887300003,
              38.94112804000008
            ],
            [
              89.55790615500007,
              38.94160631300008
            ],
            [
              89.58869550300005,
              38.94731053000004
            ],
            [
              89.59929400200008,
              38.95098489500003
            ],
            [
              89.62818005400004,
              38.950496593000025
            ],
            [
              89.64436381600007,
              38.94729672600005
            ],
            [
              89.65834529400007,
              38.94780147000006
            ],
            [
              89.68014740100006,
              38.94941132400004
            ],
            [
              89.68740052300006,
              38.95083008400008
            ],
            [
              89.69677137300005,
              38.95173815600003
            ],
            [
              89.70513865700008,
              38.953855016000034
            ],
            [
              89.71197331900004,
              38.95730849600005
            ],
            [
              89.71729667300008,
              38.96077441400007
            ],
            [
              89.73048145300004,
              38.96515863500008
            ],
            [
              89.73922833700004,
              38.96788605100005
            ],
            [
              89.74350888700008,
              38.97520953000003
            ],
            [
              89.74510474300007,
              38.983356902000025
            ],
            [
              89.75006848900006,
              38.989812003000054
            ],
            [
              89.75859080700008,
              38.993648853000025
            ],
            [
              89.76794001200005,
              39.00326776800006
            ],
            [
              89.77366703100006,
              39.006019637000065
            ],
            [
              89.77848498300006,
              39.01075041000007
            ],
            [
              89.78555410900003,
              39.01555325900006
            ],
            [
              89.79680383000004,
              39.02084155400007
            ],
            [
              89.80398888300005,
              39.02508805000008
            ],
            [
              89.81605486500007,
              39.03009014200006
            ],
            [
              89.82589052200007,
              39.03369513000007
            ],
            [
              89.83512199700004,
              39.03533395900007
            ],
            [
              89.85562591300004,
              39.03883971500005
            ],
            [
              89.86940262400003,
              39.04006036900006
            ],
            [
              89.88584438800007,
              39.04214985800007
            ],
            [
              89.90022222100004,
              39.04077737700004
            ],
            [
              89.91994409600005,
              39.04151550200004
            ],
            [
              89.94321045900006,
              39.04352726400003
            ],
            [
              89.96161650700003,
              39.03818972700003
            ],
            [
              89.98001992600007,
              39.03284963600004
            ],
            [
              90.00632692800008,
              39.02876573200007
            ],
            [
              90.03263105300005,
              39.02467658900008
            ],
            [
              90.05026194900006,
              39.02439934000006
            ],
            [
              90.06789271200006,
              39.02411973300008
            ],
            [
              90.08546491500005,
              39.028159981000044
            ],
            [
              90.10303901600008,
              39.03219789600007
            ],
            [
              90.11878658400008,
              39.04647287600005
            ],
            [
              90.12471569100006,
              39.05980267000007
            ],
            [
              90.13085628000005,
              39.06789476200004
            ],
            [
              90.15209911500006,
              39.07887085200008
            ],
            [
              90.16072097800009,
              39.080845777000036
            ],
            [
              90.16846995500003,
              39.082620191000046
            ],
            [
              90.18380758700005,
              39.08776592800007
            ],
            [
              90.19747217700008,
              39.09499378800007
            ],
            [
              90.20399565100007,
              39.10899088200006
            ],
            [
              90.20654405600004,
              39.115150991000064
            ],
            [
              90.21045891500006,
              39.13339941100003
            ],
            [
              90.21426514500007,
              39.14462644400004
            ],
            [
              90.22126405100005,
              39.14996202900005
            ],
            [
              90.22777052500004,
              39.15145308000007
            ],
            [
              90.24591133500007,
              39.15909917600004
            ],
            [
              90.26184268500003,
              39.16724564700007
            ],
            [
              90.26956224600008,
              39.17699139400003
            ],
            [
              90.27118300400008,
              39.185318478000056
            ],
            [
              90.27973187600008,
              39.19177133000005
            ],
            [
              90.30078310600004,
              39.19621552800004
            ],
            [
              90.32403210600006,
              39.19677772400007
            ],
            [
              90.35054666200006,
              39.201029308000045
            ],
            [
              90.36222493400004,
              39.20933542600005
            ],
            [
              90.38071847700007,
              39.212722934000055
            ],
            [
              90.39755966200005,
              39.21554504000005
            ],
            [
              90.42022338900006,
              39.21825433500004
            ],
            [
              90.43701129000004,
              39.21879267600008
            ],
            [
              90.46035299300007,
              39.220623199000045
            ],
            [
              90.48497371400003,
              39.221076019000066
            ],
            [
              90.49598501600008,
              39.220210345000055
            ],
            [
              90.50899342400004,
              39.224623430000065
            ],
            [
              90.53557132700007,
              39.224911416000054
            ],
            [
              90.56088640300004,
              39.22438501700003
            ],
            [
              90.57420602100007,
              39.22395610500007
            ],
            [
              90.59273265300004,
              39.222677470000065
            ],
            [
              90.61443409200007,
              39.22127096400004
            ],
            [
              90.63718908300007,
              39.22092287300006
            ],
            [
              90.66904290100007,
              39.215885169000046
            ],
            [
              90.69374655100006,
              39.21195418600007
            ],
            [
              90.71244698100008,
              39.20973178200006
            ],
            [
              90.72938440400009,
              39.20684195100006
            ],
            [
              90.74414236600006,
              39.19235605600005
            ],
            [
              90.75774313700003,
              39.18058290300007
            ],
            [
              90.77521223100007,
              39.171594338000034
            ],
            [
              90.79232164100007,
              39.16445773200007
            ],
            [
              90.82831083400004,
              39.14815549600007
            ],
            [
              90.85640793800007,
              39.138735703000066
            ],
            [
              90.87684825800005,
              39.13384156800004
            ],
            [
              90.89719704700008,
              39.13271952000008
            ],
            [
              90.92089238300008,
              39.13053444500009
            ],
            [
              90.94079880700008,
              39.128412223000055
            ],
            [
              90.95436248300007,
              39.12655410100007
            ],
            [
              90.97559058600007,
              39.127406661000066
            ],
            [
              91.00077063200007,
              39.12273096900003
            ],
            [
              91.01274720800006,
              39.11718389200007
            ],
            [
              91.03123437700003,
              39.11253231000006
            ],
            [
              91.05140061200007,
              39.112313914000026
            ],
            [
              91.06461689000008,
              39.115610925000055
            ],
            [
              91.08275997700008,
              39.11611860900007
            ],
            [
              91.10382129000004,
              39.12118961300007
            ],
            [
              91.11907439200007,
              39.12706128700006
            ],
            [
              91.12156923900007,
              39.13725717900007
            ],
            [
              91.11926031200005,
              39.14548662400006
            ],
            [
              91.12663825200008,
              39.15387356700006
            ],
            [
              91.13705027500004,
              39.15875754800004
            ],
            [
              91.15231367100006,
              39.16462550800003
            ],
            [
              91.16237146800006,
              39.16805102300003
            ],
            [
              91.18520585600005,
              39.17045649700004
            ],
            [
              91.21066986600005,
              39.16887806400007
            ],
            [
              91.22919880800004,
              39.16952732400006
            ],
            [
              91.24793679400007,
              39.166896705000056
            ],
            [
              91.27049448800005,
              39.163062429000036
            ],
            [
              91.29304986300008,
              39.15922431000007
            ],
            [
              91.31633580100005,
              39.152038669000035
            ],
            [
              91.33347421200006,
              39.14436826300005
            ],
            [
              91.36260871600007,
              39.139834499000074
            ],
            [
              91.38708498500006,
              39.14234573200008
            ],
            [
              91.40570338400005,
              39.14096648800006
            ],
            [
              91.42432109400005,
              39.13958462100004
            ],
            [
              91.45563147100006,
              39.14273054200004
            ],
            [
              91.47203695400003,
              39.14934982900007
            ],
            [
              91.48511838700007,
              39.15406550500006
            ],
            [
              91.51812780400007,
              39.15516857700004
            ],
            [
              91.54884575900009,
              39.150220983000054
            ],
            [
              91.57043170800006,
              39.14755179300005
            ],
            [
              91.60326731500004,
              39.149324009000054
            ],
            [
              91.62847086700005,
              39.15501703700005
            ],
            [
              91.65051864300005,
              39.158117299000025
            ],
            [
              91.67326591900007,
              39.16988753100003
            ],
            [
              91.69245362400007,
              39.17686633000005
            ],
            [
              91.71532663100004,
              39.178365805000055
            ],
            [
              91.73995180800006,
              39.18132696400005
            ],
            [
              91.76557670000005,
              39.184950376000074
            ],
            [
              91.79033026500008,
              39.18483045200003
            ],
            [
              91.81573275400007,
              39.193680587000074
            ],
            [
              91.84110843400003,
              39.19244486700006
            ],
            [
              91.86504068200009,
              39.18869765000006
            ],
            [
              91.88687061800005,
              39.18615389100006
            ],
            [
              91.91108431900007,
              39.184815757000024
            ],
            [
              91.93492907100006,
              39.18061431100006
            ],
            [
              91.95927795900008,
              39.17433575300004
            ],
            [
              91.98362274900006,
              39.168052731000046
            ],
            [
              92.00139039800007,
              39.167287686000066
            ],
            [
              92.01915768100008,
              39.166520251000065
            ],
            [
              92.04684139900007,
              39.158186639000064
            ],
            [
              92.07451893300004,
              39.14984726700004
            ],
            [
              92.10734188500004,
              39.14947750700003
            ],
            [
              92.13393923400008,
              39.14721781500003
            ],
            [
              92.16053497000007,
              39.14495277000003
            ],
            [
              92.18390724300008,
              39.144317313000045
            ],
            [
              92.20330467600009,
              39.137537294000026
            ],
            [
              92.22054394100007,
              39.13591037900005
            ],
            [
              92.23194591400005,
              39.12804703900008
            ],
            [
              92.24822735000004,
              39.11735144600004
            ],
            [
              92.27400613000003,
              39.10615880000006
            ],
            [
              92.31111256500003,
              39.09841836900006
            ],
            [
              92.33351933300008,
              39.10178298200003
            ],
            [
              92.35159188600005,
              39.10119475700004
            ],
            [
              92.36816342500003,
              39.100653204000025
            ],
            [
              92.38329742700006,
              39.10015680600004
            ],
            [
              92.39522153500008,
              39.09976446500008
            ],
            [
              92.41258992700007,
              39.10088253600003
            ],
            [
              92.43399263700007,
              39.102099371000065
            ],
            [
              92.45539604500004,
              39.10331273800006
            ],
            [
              92.48129813600008,
              39.10464842600004
            ],
            [
              92.50746702000004,
              39.11016777400005
            ],
            [
              92.52692381700007,
              39.11390563300006
            ],
            [
              92.54554092700005,
              39.11641195200008
            ],
            [
              92.57051509700005,
              39.123312696000035
            ],
            [
              92.59558179400005,
              39.129776476000075
            ],
            [
              92.61291949300005,
              39.13412912800004
            ],
            [
              92.63025921400005,
              39.13847951200006
            ],
            [
              92.64402695200005,
              39.15041289900006
            ],
            [
              92.65753078300008,
              39.16226591700007
            ],
            [
              92.67002255300008,
              39.17914027900008
            ],
            [
              92.67093230600005,
              39.202198906000035
            ],
            [
              92.68663808800005,
              39.21546697600007
            ],
            [
              92.70220160500008,
              39.222736258000054
            ],
            [
              92.71776815500004,
              39.23000373700006
            ],
            [
              92.7435912860001,
              39.232614858000034
            ],
            [
              92.76510864700003,
              39.23402362500008
            ],
            [
              92.78662681900005,
              39.23542889200007
            ],
            [
              92.81198662200006,
              39.24208969800003
            ],
            [
              92.83735095400004,
              39.24874566600005
            ],
            [
              92.87019094500005,
              39.25185795800007
            ],
            [
              92.90303367400008,
              39.25496209900007
            ],
            [
              92.93007986800006,
              39.25849066800004
            ],
            [
              92.95712862100004,
              39.262013714000034
            ],
            [
              92.95846474500007,
              39.261712241000055
            ],
            [
              92.98326954800007,
              39.26398696600006
            ],
            [
              93.0066564080001,
              39.264171644000044
            ],
            [
              93.03099854400006,
              39.26019834900006
            ],
            [
              93.03847577500005,
              39.26827676400006
            ],
            [
              93.06638786400003,
              39.27428386300005
            ],
            [
              93.09960142200003,
              39.27544026600003
            ],
            [
              93.13281600500007,
              39.27658833000004
            ],
            [
              93.15698917800006,
              39.277841102000025
            ],
            [
              93.18116316200008,
              39.279089457000055
            ],
            [
              93.19666894700003,
              39.286068096000065
            ],
            [
              93.21217763700008,
              39.293044947000055
            ],
            [
              93.22986451500003,
              39.29602214800008
            ],
            [
              93.24755280500005,
              39.298996989000045
            ],
            [
              93.27821294700004,
              39.30481255900003
            ],
            [
              93.30887787400007,
              39.31062104500006
            ],
            [
              93.33870814300008,
              39.32154135600007
            ],
            [
              93.35712201700005,
              39.32554255100007
            ],
            [
              93.37553786900008,
              39.32954119300007
            ],
            [
              93.38484514000004,
              39.34164624700003
            ],
            [
              93.38052188600007,
              39.34862170400004
            ],
            [
              93.37824517600006,
              39.356721572000026
            ],
            [
              93.38179332900006,
              39.36137330500003
            ],
            [
              93.38874380900006,
              39.36519273000005
            ],
            [
              93.39730880200005,
              39.366721634000044
            ],
            [
              93.40313273700008,
              39.367760891000046
            ],
            [
              93.40699750300007,
              39.370760733000054
            ],
            [
              93.41386633200005,
              39.381551364000074
            ],
            [
              93.40515702700009,
              39.39173757400005
            ],
            [
              93.39033502500007,
              39.40055084100004
            ],
            [
              93.37857660100008,
              39.41473891700008
            ],
            [
              93.37651536700008,
              39.425995294000074
            ],
            [
              93.37754862900005,
              39.43174497500007
            ],
            [
              93.38225536000004,
              39.440271858000074
            ],
            [
              93.38550085900005,
              39.44527405100007
            ],
            [
              93.39633280500004,
              39.44849083200006
            ],
            [
              93.40905580700007,
              39.452338851000036
            ],
            [
              93.41928682500009,
              39.45635529800006
            ],
            [
              93.47586496800005,
              39.458666159000074
            ],
            [
              93.49474396000005,
              39.46201077100005
            ],
            [
              93.50640302900007,
              39.46740169700007
            ],
            [
              93.52460937500007,
              39.467628442000034
            ],
            [
              93.53157029700009,
              39.46823332300005
            ],
            [
              93.54415559700006,
              39.46668520400004
            ],
            [
              93.55448197400005,
              39.468335367000066
            ],
            [
              93.56530801200006,
              39.46512376600003
            ],
            [
              93.57030040700005,
              39.46216090200005
            ],
            [
              93.57510128200005,
              39.458804075000046
            ],
            [
              93.58121101600005,
              39.45838962100004
            ],
            [
              93.58799006500004,
              39.45690105400007
            ],
            [
              93.59301916700008,
              39.45695849700007
            ],
            [
              93.59877484300006,
              39.45556958900005
            ],
            [
              93.60892807600004,
              39.45342833700005
            ],
            [
              93.61786798500003,
              39.45589698500004
            ],
            [
              93.63118881400004,
              39.461005629000056
            ],
            [
              93.63617830600003,
              39.458040294000064
            ],
            [
              93.64471511600004,
              39.45299223600006
            ],
            [
              93.65154074200007,
              39.45305385000007
            ],
            [
              93.66322632800006,
              39.45315851700008
            ],
            [
              93.67061027700004,
              39.45322412300004
            ],
            [
              93.68173762200007,
              39.453322212000046
            ],
            [
              93.70046502000008,
              39.44941380600005
            ],
            [
              93.71012423400003,
              39.44552555100006
            ],
            [
              93.71638078000007,
              39.44247736900007
            ],
            [
              93.73007844300008,
              39.43685859000004
            ],
            [
              93.73871197200003,
              39.43306954900004
            ],
            [
              93.74521483900008,
              39.43004124000004
            ],
            [
              93.74972289700008,
              39.42853982400004
            ],
            [
              93.76215035900003,
              39.42130133100005
            ],
            [
              93.77359868100007,
              39.417184321000036
            ],
            [
              93.78523784900005,
              39.41345979700003
            ],
            [
              93.79325620500003,
              39.410369709000065
            ],
            [
              93.80157866800005,
              39.40692788300004
            ],
            [
              93.80783291600005,
              39.40217880600005
            ],
            [
              93.81538031400004,
              39.39885907300005
            ],
            [
              93.82434210900004,
              39.392830436000054
            ],
            [
              93.82873824500007,
              39.39037443500007
            ],
            [
              93.83603914400005,
              39.38533587100005
            ],
            [
              93.84643198500004,
              39.37980428900005
            ],
            [
              93.85513329800006,
              39.368540265000036
            ],
            [
              93.86979312800008,
              39.35772950900008
            ],
            [
              93.89215487400008,
              39.35267916400005
            ],
            [
              93.91645123700005,
              39.35447212400004
            ],
            [
              93.94074876800005,
              39.35626062700004
            ],
            [
              93.96639790500006,
              39.35765596600004
            ],
            [
              93.99204800200005,
              39.35904633900003
            ],
            [
              94.01769905600008,
              39.36043174400004
            ],
            [
              94.03753383700007,
              39.36237038500008
            ],
            [
              94.05736965000006,
              39.36430605700008
            ],
            [
              94.06738440500004,
              39.36976963800004
            ],
            [
              94.08948019900004,
              39.37389478100005
            ],
            [
              94.11847630600005,
              39.37844597000003
            ],
            [
              94.14712509800006,
              39.38062450500007
            ],
            [
              94.16160346700008,
              39.382438078000064
            ],
            [
              94.18107869500005,
              39.38487493100007
            ],
            [
              94.19459324400003,
              39.38800905100004
            ],
            [
              94.20853666500005,
              39.391240914000036
            ],
            [
              94.23736563700004,
              39.39221917800006
            ],
            [
              94.25805687900004,
              39.396579323000026
            ],
            [
              94.28033787900006,
              39.399397728000054
            ],
            [
              94.29164910900005,
              39.401346613000044
            ],
            [
              94.30517339200009,
              39.40402360400003
            ],
            [
              94.33041390900007,
              39.411572525000054
            ],
            [
              94.36277887600005,
              39.42049562600005
            ],
            [
              94.39129670100004,
              39.42720686300004
            ],
            [
              94.41408673300003,
              39.431391474000066
            ],
            [
              94.43314470800004,
              39.43630626700008
            ],
            [
              94.46614602800008,
              39.44105461400005
            ],
            [
              94.48449935700006,
              39.44460954700003
            ],
            [
              94.50308560100007,
              39.44508518200007
            ],
            [
              94.52378054600007,
              39.441075745000035
            ],
            [
              94.54463509400006,
              39.442530447000024
            ],
            [
              94.57139934700007,
              39.44472515700005
            ],
            [
              94.58912670700005,
              39.44775205800005
            ],
            [
              94.60709700200005,
              39.44961959400007
            ],
            [
              94.62506819900005,
              39.45148469500003
            ],
            [
              94.65666177400004,
              39.44569272600006
            ],
            [
              94.68580281900006,
              39.44275894700007
            ],
            [
              94.70462099200006,
              39.43857554900006
            ],
            [
              94.71967477500004,
              39.44402216200007
            ],
            [
              94.74174874600004,
              39.46435016000004
            ],
            [
              94.77001114400008,
              39.46692396200007
            ],
            [
              94.79332567300008,
              39.45824535600008
            ],
            [
              94.80945457000007,
              39.44754883200005
            ],
            [
              94.82557882500004,
              39.436850424000056
            ],
            [
              94.84070012600006,
              39.42485024200005
            ],
            [
              94.84728164200004,
              39.41962546800005
            ],
            [
              94.85508130800008,
              39.415025857000046
            ],
            [
              94.86175163400009,
              39.41415875700005
            ],
            [
              94.86968971300007,
              39.41482885900007
            ],
            [
              94.87548258000004,
              39.41659152200003
            ],
            [
              94.8813661920001,
              39.42137438000003
            ],
            [
              94.88732686500003,
              39.42559780200003
            ],
            [
              94.88882889700005,
              39.43117478200003
            ],
            [
              94.89456320600006,
              39.439236254000036
            ],
            [
              94.90083903700008,
              39.45375312700003
            ],
            [
              94.90790861800008,
              39.46402790500008
            ],
            [
              94.91663133200007,
              39.47078009500007
            ],
            [
              94.92598855300008,
              39.479062284000065
            ],
            [
              94.93371762300006,
              39.486716683000054
            ],
            [
              94.94472391500005,
              39.49792737000007
            ],
            [
              94.94915818200008,
              39.505463992000045
            ],
            [
              94.95614751100004,
              39.51145702000008
            ],
            [
              94.96313437600008,
              39.519332847000044
            ],
            [
              94.96860919000005,
              39.523515074000045
            ],
            [
              94.97593000300009,
              39.52708360300005
            ],
            [
              94.98005593600004,
              39.53379980900007
            ],
            [
              94.98116959000004,
              39.53859268200006
            ],
            [
              94.99481346100004,
              39.54941899700003
            ],
            [
              94.99746902100009,
              39.557718410000064
            ],
            [
              94.99810801200005,
              39.564170295000054
            ],
            [
              95.00612189000003,
              39.57569953500007
            ],
            [
              95.01103597400004,
              39.58533409300003
            ],
            [
              95.01564087100007,
              39.59321518300004
            ],
            [
              95.02588086500003,
              39.60337121800006
            ],
            [
              95.03815994900005,
              39.608824997000056
            ],
            [
              95.05098576700004,
              39.616876656000045
            ],
            [
              95.07549821100008,
              39.621257798000045
            ],
            [
              95.09383852400003,
              39.63016426000007
            ],
            [
              95.10843890900009,
              39.634080438000076
            ],
            [
              95.11811188300004,
              39.64186478700003
            ],
            [
              95.13133072200009,
              39.64941770100006
            ],
            [
              95.14295542900004,
              39.65658119200003
            ],
            [
              95.16068263000005,
              39.65789885500004
            ],
            [
              95.18013735700004,
              39.66329686900008
            ],
            [
              95.20371421300007,
              39.66805505900004
            ],
            [
              95.22442045600009,
              39.67165557800007
            ],
            [
              95.25177083900007,
              39.68080810200007
            ],
            [
              95.27198706600007,
              39.68938598200003
            ],
            [
              95.28280690100007,
              39.69364996500008
            ],
            [
              95.30630209400005,
              39.69913610000003
            ],
            [
              95.33059204200003,
              39.710136470000066
            ],
            [
              95.34080092200008,
              39.72274329900006
            ],
            [
              95.34790968200008,
              39.73399386600005
            ],
            [
              95.35953545000007,
              39.743110288000025
            ],
            [
              95.36024117300009,
              39.75157464000006
            ],
            [
              95.36369581200006,
              39.75653308500006
            ],
            [
              95.36745516800005,
              39.75915980600007
            ],
            [
              95.36999808600007,
              39.77111311700003
            ],
            [
              95.37318056900006,
              39.778169914000046
            ],
            [
              95.37759276300005,
              39.78790493100007
            ],
            [
              95.38557934900007,
              39.79314362600008
            ],
            [
              95.39714831500004,
              39.79824719900006
            ],
            [
              95.40851492200005,
              39.804084008000075
            ],
            [
              95.42841740100005,
              39.80752423200005
            ],
            [
              95.45267966400007,
              39.81252131800005
            ],
            [
              95.46908426400006,
              39.818748293000056
            ],
            [
              95.49040756800008,
              39.82619498500003
            ],
            [
              95.51625886200009,
              39.83083831700003
            ],
            [
              95.52443826800004,
              39.82862730900007
            ],
            [
              95.53342287300006,
              39.829678718000025
            ],
            [
              95.55797327100004,
              39.83403976100004
            ],
            [
              95.57085309100006,
              39.83238892200007
            ],
            [
              95.59654702300008,
              39.83945741700006
            ],
            [
              95.62224586200006,
              39.84652099700003
            ],
            [
              95.64569033200007,
              39.84994083700008
            ],
            [
              95.66080747500007,
              39.85401739900004
            ],
            [
              95.66913696700004,
              39.853356563000034
            ],
            [
              95.70261243500005,
              39.85768753900004
            ],
            [
              95.73591360300009,
              39.85758076600007
            ],
            [
              95.75170210900006,
              39.856609853000066
            ],
            [
              95.77643196300006,
              39.858893401000046
            ],
            [
              95.80133737100005,
              39.855725568000025
            ],
            [
              95.81860443000005,
              39.85503739300003
            ],
            [
              95.83712825600009,
              39.85236315000003
            ],
            [
              95.86304905500003,
              39.84944552300004
            ],
            [
              95.88127413700005,
              39.84843805100007
            ],
            [
              95.89802706200004,
              39.84811930500007
            ],
            [
              95.92044832700003,
              39.848013492000064
            ],
            [
              95.94719935200004,
              39.84685740000003
            ],
            [
              95.95731907500004,
              39.855310392000035
            ],
            [
              95.97686920600006,
              39.86202110500005
            ],
            [
              96.00622675200005,
              39.862441527000044
            ],
            [
              96.02485690100008,
              39.86300580600005
            ],
            [
              96.04430012500006,
              39.86140054800006
            ],
            [
              96.06242120800005,
              39.86508984900007
            ],
            [
              96.07976382900006,
              39.868937644000034
            ],
            [
              96.10295521900008,
              39.872986439000044
            ],
            [
              96.11975831400008,
              39.87578855000004
            ],
            [
              96.14032151500004,
              39.88118455700004
            ],
            [
              96.15722868500006,
              39.888718726000036
            ],
            [
              96.17936911000004,
              39.89436225400004
            ],
            [
              96.20058607700008,
              39.89770530900006
            ],
            [
              96.23325869500007,
              39.90403593700006
            ],
            [
              96.26434658000005,
              39.91128278600007
            ],
            [
              96.29459928300008,
              39.916672310000024
            ],
            [
              96.31349213300007,
              39.91958245400008
            ],
            [
              96.33274559900008,
              39.920987238000066
            ],
            [
              96.35663136900007,
              39.92141712600005
            ],
            [
              96.37480578600008,
              39.923110300000076
            ],
            [
              96.37441444500008,
              39.93442435800006
            ],
            [
              96.39391935600008,
              39.93967752300006
            ],
            [
              96.40676296200007,
              39.94353265700005
            ],
            [
              96.40419027000007,
              39.94693100500007
            ],
            [
              96.40575151000007,
              39.95129789300006
            ],
            [
              96.41538404900007,
              39.95570015000004
            ],
            [
              96.45103544100006,
              39.95739868700008
            ],
            [
              96.47447613200006,
              39.959051110000075
            ],
            [
              96.49479687700006,
              39.96052721700005
            ],
            [
              96.51604022300006,
              39.962874569000064
            ],
            [
              96.53694049500007,
              39.96697672200003
            ],
            [
              96.57072841100006,
              39.968458517000045
            ],
            [
              96.59131070600006,
              39.96886610200006
            ],
            [
              96.61312001000005,
              39.969049820000066
            ],
            [
              96.63931844000007,
              39.97114449600008
            ],
            [
              96.67458435400005,
              39.97439697400006
            ],
            [
              96.69444963400008,
              39.98033720600006
            ],
            [
              96.71706569200006,
              39.98709526700003
            ],
            [
              96.73755345100005,
              39.991546733000064
            ],
            [
              96.75804368000007,
              39.99599507100004
            ],
            [
              96.78179125600008,
              39.99839067900007
            ],
            [
              96.78965557100008,
              40.002248430000066
            ],
            [
              96.80161301100009,
              40.00641118400006
            ],
            [
              96.81203822700007,
              40.01112405600003
            ],
            [
              96.82364825600007,
              40.01663188100008
            ],
            [
              96.83415713700003,
              40.016454176000025
            ],
            [
              96.84350853300003,
              40.01523939100008
            ],
            [
              96.85695251600004,
              40.00833531300003
            ],
            [
              96.87093747200004,
              40.00115065800003
            ],
            [
              96.88911467600008,
              39.999552539000035
            ],
            [
              96.90621500000003,
              39.99397506400004
            ],
            [
              96.91960297600008,
              39.99187232200006
            ],
            [
              96.93475002400004,
              39.98340642000005
            ],
            [
              96.95738807700008,
              39.975987460000056
            ],
            [
              96.96451742300007,
              39.971204725000064
            ],
            [
              96.97428545700006,
              39.96792123600005
            ],
            [
              96.98755753000006,
              39.965695434000054
            ],
            [
              96.99489376200006,
              39.96166980900006
            ],
            [
              97.01398119300006,
              39.95419843900004
            ],
            [
              97.02721363600006,
              39.945036796000075
            ],
            [
              97.03912833300006,
              39.94022444900003
            ],
            [
              97.05300401300008,
              39.93461795500008
            ],
            [
              97.07293673200007,
              39.922508668000035
            ],
            [
              97.09332156300007,
              39.91241701000007
            ],
            [
              97.10227335900004,
              39.904299139000045
            ],
            [
              97.10850728400004,
              39.905045046000055
            ],
            [
              97.11436180200008,
              39.90934072300007
            ],
            [
              97.12720152000009,
              39.90972488600005
            ],
            [
              97.14531422600004,
              39.90071816900007
            ],
            [
              97.15737979100004,
              39.88251383000005
            ],
            [
              97.16951152400009,
              39.87116700900003
            ],
            [
              97.18163953200008,
              39.85981919100004
            ],
            [
              97.19124035300007,
              39.84638208400003
            ],
            [
              97.20083768700005,
              39.83294443400007
            ],
            [
              97.21727992300004,
              39.82195941400005
            ],
            [
              97.22690014200003,
              39.81507963100006
            ],
            [
              97.24650976000004,
              39.80543193900007
            ],
            [
              97.25794572900008,
              39.804594647000044
            ],
            [
              97.27247762100006,
              39.796058034000055
            ],
            [
              97.28388251000007,
              39.78935589800005
            ],
            [
              97.30237566700004,
              39.78498926100008
            ],
            [
              97.31050577000008,
              39.77448014700008
            ],
            [
              97.31895696400005,
              39.76757493700006
            ],
            [
              97.33020951700007,
              39.75970743500005
            ],
            [
              97.35487474000007,
              39.75411359900005
            ],
            [
              97.37569464100005,
              39.749015722000024
            ],
            [
              97.39551528400006,
              39.74305016300008
            ],
            [
              97.41080570800005,
              39.73790416500003
            ],
            [
              97.44338481200003,
              39.723338055000056
            ],
            [
              97.45898532500007,
              39.71348283400005
            ],
            [
              97.47632226100006,
              39.70546358200005
            ],
            [
              97.49600920700004,
              39.69755661700003
            ],
            [
              97.51590213000009,
              39.69156824600003
            ],
            [
              97.53835584000007,
              39.68021056900005
            ],
            [
              97.56540002200006,
              39.667805222000034
            ],
            [
              97.58454687500006,
              39.66299352400006
            ],
            [
              97.61450826300006,
              39.653998897000065
            ],
            [
              97.63637056100004,
              39.65179545500007
            ],
            [
              97.65823156000005,
              39.649588419000054
            ],
            [
              97.6793136240001,
              39.648249571000065
            ],
            [
              97.69922920900007,
              39.649728939000056
            ],
            [
              97.71914558700007,
              39.651205324000045
            ],
            [
              97.74985610900006,
              39.648749069000075
            ],
            [
              97.76487337500004,
              39.639198907000036
            ],
            [
              97.78718171200006,
              39.63040410700006
            ],
            [
              97.80684994100005,
              39.626082960000076
            ],
            [
              97.8263800650001,
              39.63024280900004
            ],
            [
              97.83888849900006,
              39.63310132700008
            ],
            [
              97.85169839900004,
              39.63319689100007
            ],
            [
              97.87076183100004,
              39.62717726500006
            ],
            [
              97.88704662800006,
              39.62452879600005
            ],
            [
              97.91151848400006,
              39.621048030000054
            ],
            [
              97.92598482800008,
              39.612872878000076
            ],
            [
              97.93881716600004,
              39.60326182500006
            ],
            [
              97.94516135500004,
              39.595345560000055
            ],
            [
              97.96443212200006,
              39.59332629100004
            ],
            [
              97.98084948400003,
              39.59577894600005
            ],
            [
              97.99235392300005,
              39.593782617000045
            ],
            [
              98.00059917900006,
              39.58605929200007
            ],
            [
              98.02750449300004,
              39.581151280000036
            ],
            [
              98.04128859300005,
              39.57649442400003
            ],
            [
              98.05714671400005,
              39.57438756200003
            ],
            [
              98.07775876400007,
              39.57446920900003
            ],
            [
              98.09720961100004,
              39.56710553800008
            ],
            [
              98.12210571500003,
              39.55925921700003
            ],
            [
              98.14425794400006,
              39.55400416800006
            ],
            [
              98.16058169200006,
              39.546215149000034
            ],
            [
              98.17690201500005,
              39.53842416700007
            ],
            [
              98.19443197800007,
              39.529868356000065
            ],
            [
              98.20598579700004,
              39.52365275900007
            ],
            [
              98.23586013500005,
              39.510195287000045
            ],
            [
              98.26425856700008,
              39.498098361000075
            ],
            [
              98.28555100900007,
              39.48453295300004
            ],
            [
              98.30683567900007,
              39.47096425600006
            ],
            [
              98.33101828900004,
              39.45448791900003
            ],
            [
              98.36453592200007,
              39.44727347500003
            ],
            [
              98.37801974300004,
              39.43846505800008
            ],
            [
              98.40369448100006,
              39.43332852700007
            ],
            [
              98.42715334000007,
              39.431825349000064
            ],
            [
              98.44861716100007,
              39.43399746100005
            ],
            [
              98.4574978670001,
              39.43279368700007
            ],
            [
              98.46602731000007,
              39.432871109000075
            ],
            [
              98.47745623600008,
              39.42821057400005
            ],
            [
              98.48325174600006,
              39.41928494000007
            ],
            [
              98.50030111900008,
              39.41636019800006
            ],
            [
              98.51508558400008,
              39.41567727600005
            ],
            [
              98.53546465200009,
              39.415500845000054
            ],
            [
              98.55351020800003,
              39.41333000700007
            ],
            [
              98.58058130100005,
              39.412655674000064
            ],
            [
              98.59395852000006,
              39.415698934000034
            ],
            [
              98.60950965500007,
              39.41279883400006
            ],
            [
              98.61732136300009,
              39.41079046800008
            ],
            [
              98.63344014600005,
              39.40546501100005
            ],
            [
              98.64642955200009,
              39.40374247600005
            ],
            [
              98.65984273900006,
              39.404385854000054
            ],
            [
              98.67311879100004,
              39.40837394500005
            ],
            [
              98.68050102100005,
              39.40947899300005
            ],
            [
              98.69752078300007,
              39.40103749300005
            ],
            [
              98.70988863400004,
              39.39832492600004
            ],
            [
              98.72055092500005,
              39.390279614000065
            ],
            [
              98.73693810700007,
              39.38153934300004
            ],
            [
              98.75116678700005,
              39.37922272900005
            ],
            [
              98.76042453500008,
              39.37624066200004
            ],
            [
              98.77696125000006,
              39.36256397300008
            ],
            [
              98.79077254800006,
              39.35855338500005
            ],
            [
              98.81666893400006,
              39.34943914100006
            ],
            [
              98.84373026100009,
              39.34089036800003
            ],
            [
              98.85857383900009,
              39.33796557800008
            ],
            [
              98.87748391400004,
              39.332507227000065
            ],
            [
              98.89889884100006,
              39.32317310600007
            ],
            [
              98.91099019600006,
              39.32068032800004
            ],
            [
              98.92374219300007,
              39.31774758900008
            ],
            [
              98.93953317000006,
              39.31589156100006
            ],
            [
              98.94977131900004,
              39.31307575900007
            ],
            [
              98.95745113200007,
              39.30709213100005
            ],
            [
              98.96799897100004,
              39.30428917900008
            ],
            [
              98.98082156600005,
              39.300415937000025
            ],
            [
              98.99402985800003,
              39.29562057300007
            ],
            [
              99.00617863900004,
              39.28842976300007
            ],
            [
              99.02196908900004,
              39.282575852000036
            ],
            [
              99.03091708900007,
              39.277895915000045
            ],
            [
              99.04074753600008,
              39.274508894000064
            ],
            [
              99.04683268300005,
              39.26791049900004
            ],
            [
              99.06839375700008,
              39.25792102100007
            ],
            [
              99.08202910400007,
              39.250570210000035
            ],
            [
              99.09503711700006,
              39.23892554200006
            ],
            [
              99.10977514600006,
              39.236846824000054
            ],
            [
              99.11919517500007,
              39.235092730000076
            ],
            [
              99.13063074100006,
              39.22726165700004
            ],
            [
              99.13759847000006,
              39.21194838500003
            ],
            [
              99.14377678400007,
              39.208623415000034
            ],
            [
              99.15212950900008,
              39.19605349900007
            ],
            [
              99.16113628500005,
              39.190199423000024
            ],
            [
              99.16855434600008,
              39.18232955900004
            ],
            [
              99.17699718100005,
              39.17171693000006
            ],
            [
              99.18605702300005,
              39.161154742000065
            ],
            [
              99.20875076700008,
              39.15595132400006
            ],
            [
              99.22567663000007,
              39.153300252000065
            ],
            [
              99.23688046600006,
              39.143881848000035
            ],
            [
              99.25236125500004,
              39.13235932300006
            ],
            [
              99.25659059500003,
              39.119824426000044
            ],
            [
              99.26463622300008,
              39.10708359900008
            ],
            [
              99.27670442400006,
              39.096114915000044
            ],
            [
              99.29312597600006,
              39.08932122200008
            ],
            [
              99.31572517200004,
              39.075052226000025
            ],
            [
              99.32974268200007,
              39.064539841000055
            ],
            [
              99.34405037200008,
              39.069003578000036
            ],
            [
              99.36246038400009,
              39.06719786200006
            ],
            [
              99.36496206400005,
              39.05845117800004
            ],
            [
              99.37464617500008,
              39.043220559000076
            ],
            [
              99.38755126300003,
              39.02730795900004
            ],
            [
              99.39708726300006,
              39.01248551600003
            ],
            [
              99.38767905100008,
              38.999134189000074
            ],
            [
              99.39352027700005,
              38.98540196600004
            ],
            [
              99.40917035600006,
              38.980605572000066
            ],
            [
              99.40837249000003,
              38.961464841000065
            ],
            [
              99.42278096200005,
              38.949550292000026
            ],
            [
              99.44057017500006,
              38.94256417100007
            ],
            [
              99.46021686300008,
              38.935654036000074
            ],
            [
              99.48575224400008,
              38.924767049000025
            ],
            [
              99.51579805400007,
              38.90315951900005
            ],
            [
              99.53378372600008,
              38.89193004400005
            ],
            [
              99.55331579500006,
              38.881152358000065
            ],
            [
              99.56162069800007,
              38.86953729500004
            ],
            [
              99.55683371700007,
              38.858435575000044
            ],
            [
              99.55451338000006,
              38.840893366000046
            ],
            [
              99.57869038800004,
              38.82698046500008
            ],
            [
              99.58658366600008,
              38.812019270000064
            ],
            [
              99.59553139200005,
              38.80704745400004
            ],
            [
              99.62037840300007,
              38.79808372400004
            ],
            [
              99.60611063100004,
              38.801167461000034
            ],
            [
              99.63570852700008,
              38.792039886000055
            ],
            [
              99.65179718000007,
              38.788475635000054
            ],
            [
              99.67315689800006,
              38.78934372200007
            ],
            [
              99.69450077200008,
              38.79026788300007
            ],
            [
              99.71623772800007,
              38.78632699900004
            ],
            [
              99.73950254900006,
              38.78485617200005
            ],
            [
              99.76276645400009,
              38.78338122900004
            ],
            [
              99.79297927300007,
              38.77208795400003
            ],
            [
              99.82318299000008,
              38.760787794000066
            ],
            [
              99.85328282600005,
              38.75935793100007
            ],
            [
              99.88885767600004,
              38.74692506900004
            ],
            [
              99.91969270400007,
              38.738276056000075
            ],
            [
              99.93984201100005,
              38.72120984000003
            ],
            [
              99.96110634200006,
              38.70936938600005
            ],
            [
              99.97071070500004,
              38.70271063800004
            ],
            [
              99.98576852000008,
              38.69311416000005
            ],
            [
              99.99751786400009,
              38.68562332400006
            ],
            [
              100.01488668100006,
              38.674545151000075
            ],
            [
              100.02564447000003,
              38.66768085500007
            ],
            [
              100.02622246000004,
              38.66148420600007
            ],
            [
              100.02538955700004,
              38.65301399100008
            ],
            [
              100.03724628800006,
              38.64551693000004
            ],
            [
              100.05109341400004,
              38.63675811300004
            ],
            [
              100.06483232600004,
              38.625673300000074
            ],
            [
              100.08650760800003,
              38.61841268100005
            ],
            [
              100.10317288000005,
              38.613598471000046
            ],
            [
              100.11191980700005,
              38.61242489500006
            ],
            [
              100.12018837100004,
              38.61479567400005
            ],
            [
              100.12623317500004,
              38.617083240000056
            ],
            [
              100.13239040500008,
              38.609999112000025
            ],
            [
              100.13453974200007,
              38.59976584000003
            ],
            [
              100.14045035900006,
              38.58692601800004
            ],
            [
              100.15863480000007,
              38.57178221300006
            ],
            [
              100.17636691700005,
              38.56660609000005
            ],
            [
              100.19825888400004,
              38.563865616000044
            ],
            [
              100.21459837500004,
              38.55996361600006
            ],
            [
              100.23192398700007,
              38.556095552000045
            ],
            [
              100.24967212900005,
              38.549428154000054
            ],
            [
              100.25737532300008,
              38.545019979000074
            ],
            [
              100.28287341400005,
              38.54698643800003
            ],
            [
              100.30013530000008,
              38.547982088000026
            ],
            [
              100.31757247100006,
              38.54616936900004
            ],
            [
              100.33369136300007,
              38.538758689000076
            ],
            [
              100.34590633600004,
              38.53314056100004
            ],
            [
              100.35713040900004,
              38.52676695200006
            ],
            [
              100.37194208800008,
              38.523772672000064
            ],
            [
              100.38788057400006,
              38.51754233400004
            ],
            [
              100.39352994800004,
              38.51030987400003
            ],
            [
              100.39623534000003,
              38.50265978500005
            ],
            [
              100.39936597800005,
              38.493805235000025
            ],
            [
              100.41352502300003,
              38.48496779900006
            ],
            [
              100.42768074300005,
              38.47612886100006
            ],
            [
              100.45075428200005,
              38.470293248000075
            ],
            [
              100.46921280300006,
              38.469935916000054
            ],
            [
              100.47996783600007,
              38.458491955000056
            ],
            [
              100.48749021500004,
              38.45296192400008
            ],
            [
              100.50039363000008,
              38.44796989500003
            ],
            [
              100.51521784300007,
              38.43472058100008
            ],
            [
              100.54079545700006,
              38.42154255100007
            ],
            [
              100.56334069400003,
              38.42174976300004
            ],
            [
              100.59044847300004,
              38.43202974500008
            ],
            [
              100.60455622000006,
              38.43413039300003
            ],
            [
              100.62541121400005,
              38.43092783600008
            ],
            [
              100.65038919800008,
              38.426142783000046
            ],
            [
              100.65240906900004,
              38.41749486100008
            ],
            [
              100.66390590800006,
              38.41070904800006
            ],
            [
              100.66762297500009,
              38.40637792700005
            ],
            [
              100.67137445600008,
              38.40556494800007
            ],
            [
              100.68080862300008,
              38.40766268100003
            ],
            [
              100.69534168200005,
              38.40677899900004
            ],
            [
              100.70950710200003,
              38.39740897000007
            ],
            [
              100.7119454020001,
              38.387742683000056
            ],
            [
              100.7066285590001,
              38.37636123500005
            ],
            [
              100.70684180800004,
              38.37261934000003
            ],
            [
              100.71148725800003,
              38.36040056300004
            ],
            [
              100.73225388100008,
              38.355457287000036
            ],
            [
              100.75089947400005,
              38.35180096300007
            ],
            [
              100.75779718600006,
              38.34428888300005
            ],
            [
              100.76443069300007,
              38.33363609500003
            ],
            [
              100.77605431200004,
              38.31260258900005
            ],
            [
              100.78305704500008,
              38.29781042900004
            ],
            [
              100.80269663900003,
              38.29157505100005
            ],
            [
              100.82141131700007,
              38.28853789300007
            ],
            [
              100.83300677600006,
              38.28748548900006
            ],
            [
              100.84134547000008,
              38.28006850300005
            ],
            [
              100.84914357700006,
              38.275980394000044
            ],
            [
              100.86231437700008,
              38.27002363300005
            ],
            [
              100.87133354900004,
              38.265684519000054
            ],
            [
              100.87893211100004,
              38.264454424000064
            ],
            [
              100.89224778300007,
              38.263685981000044
            ],
            [
              100.90227140800005,
              38.256129360000045
            ],
            [
              100.90957662300008,
              38.24867427300006
            ],
            [
              100.92060759200007,
              38.236087627000074
            ],
            [
              100.92881237700004,
              38.22897220900006
            ],
            [
              100.93591667700008,
              38.22175939900007
            ],
            [
              100.93997810400003,
              38.21495143400006
            ],
            [
              100.94021349000008,
              38.208764459000065
            ],
            [
              100.95009084700007,
              38.20552020800005
            ],
            [
              100.95861256700006,
              38.195879551000075
            ],
            [
              100.97952278700006,
              38.19570461400008
            ],
            [
              101.00150952400008,
              38.187990973000076
            ],
            [
              101.01730975800007,
              38.18537351500004
            ],
            [
              101.02748469300008,
              38.18256483300007
            ],
            [
              101.03346608400005,
              38.17433960200003
            ],
            [
              101.04413536400006,
              38.173361647000036
            ],
            [
              101.04835279000008,
              38.173775428000056
            ],
            [
              101.05438049400004,
              38.17517142100007
            ],
            [
              101.05730891600007,
              38.170949680000035
            ],
            [
              101.05818292000004,
              38.165203215000076
            ],
            [
              101.06488544800004,
              38.15942372400008
            ],
            [
              101.07065915000004,
              38.15092567900007
            ],
            [
              101.08798419000004,
              38.142372557000044
            ],
            [
              101.0968717470001,
              38.138970088000065
            ],
            [
              101.10378549400008,
              38.14337347700007
            ],
            [
              101.11460048000004,
              38.14320982500004
            ],
            [
              101.12089815300004,
              38.13769047300008
            ],
            [
              101.12619532300005,
              38.13331269300006
            ],
            [
              101.13181786200005,
              38.128665230000024
            ],
            [
              101.13928973700007,
              38.12280363200006
            ],
            [
              101.13694026500008,
              38.117004628000075
            ],
            [
              101.13969814000006,
              38.11072506100004
            ],
            [
              101.15601194500005,
              38.10865772500006
            ],
            [
              101.16925735700005,
              38.09769797000007
            ],
            [
              101.16537569600007,
              38.088533383000026
            ],
            [
              101.16670175700006,
              38.08045429800006
            ],
            [
              101.17642542200008,
              38.07911386000007
            ],
            [
              101.18472521800004,
              38.080294310000056
            ],
            [
              101.19053203500005,
              38.07727867400007
            ],
            [
              101.19286401400007,
              38.07187913700005
            ],
            [
              101.19926336500004,
              38.06497864500005
            ],
            [
              101.21499980700008,
              38.05224141400004
            ],
            [
              101.23312062800005,
              38.04160233900007
            ],
            [
              101.24498794000004,
              38.035199394000074
            ],
            [
              101.25448675400008,
              38.02529977000006
            ],
            [
              101.26867351500005,
              38.014506174000076
            ],
            [
              101.28876760100007,
              37.99517930800005
            ],
            [
              101.29996269200007,
              37.988881423000066
            ],
            [
              101.31683777600006,
              37.985137730000076
            ],
            [
              101.31970642800007,
              37.97859141900006
            ],
            [
              101.32239447100005,
              37.976325237000026
            ],
            [
              101.3277214860001,
              37.97696014300004
            ],
            [
              101.33711421200007,
              37.97367885700004
            ],
            [
              101.35345426500004,
              37.96465836200008
            ],
            [
              101.36078863600005,
              37.95904266500003
            ],
            [
              101.36426003200006,
              37.94808467200005
            ],
            [
              101.36904385400004,
              37.940442361000066
            ],
            [
              101.37774596600008,
              37.93862574700006
            ],
            [
              101.38967819600003,
              37.93935426500008
            ],
            [
              101.40101058500005,
              37.939666481000074
            ],
            [
              101.41174176300007,
              37.93656919500006
            ],
            [
              101.42369396300006,
              37.93678154300005
            ],
            [
              101.43551044700007,
              37.93335878400006
            ],
            [
              101.44543409700003,
              37.92449637500005
            ],
            [
              101.45152172200005,
              37.91892461800006
            ],
            [
              101.46126167700004,
              37.917199477000054
            ],
            [
              101.46871468900008,
              37.911898360000066
            ],
            [
              101.47177561300003,
              37.90542370600008
            ],
            [
              101.48219076000004,
              37.896364755000036
            ],
            [
              101.49230509100005,
              37.888172250000025
            ],
            [
              101.50064792500007,
              37.87930019400005
            ],
            [
              101.50900102800006,
              37.86828325500005
            ],
            [
              101.52296989200005,
              37.863037217000056
            ],
            [
              101.53508941700007,
              37.85530470900005
            ],
            [
              101.54688095500006,
              37.83856918600003
            ],
            [
              101.56557559100008,
              37.83700424600005
            ],
            [
              101.57933233200004,
              37.83624337800006
            ],
            [
              101.58979688600004,
              37.83239690700003
            ],
            [
              101.59890943600004,
              37.82589122700006
            ],
            [
              101.60592057600007,
              37.82251503600003
            ],
            [
              101.61201077800007,
              37.817802967000034
            ],
            [
              101.61573124600005,
              37.81677592500006
            ],
            [
              101.62264087400007,
              37.81564447200003
            ],
            [
              101.63052903300009,
              37.81453806800005
            ],
            [
              101.63605309000008,
              37.811496401000056
            ],
            [
              101.64253881200005,
              37.808854102000055
            ],
            [
              101.64851824000004,
              37.80657311900006
            ],
            [
              101.65700977100005,
              37.80285781400005
            ],
            [
              101.66350225000008,
              37.80002733400005
            ],
            [
              101.67270979900007,
              37.79670415500004
            ],
            [
              101.68169646100007,
              37.79281264800005
            ],
            [
              101.69247596800005,
              37.78709278900004
            ],
            [
              101.69503578100006,
              37.77891472600004
            ],
            [
              101.68501743500008,
              37.76723081600006
            ],
            [
              101.67347781600006,
              37.75681849100005
            ],
            [
              101.67368403400008,
              37.74651961500007
            ],
            [
              101.67758128300005,
              37.73575336500005
            ],
            [
              101.68378319700008,
              37.72261051400006
            ],
            [
              101.71521140700008,
              37.72370183400005
            ],
            [
              101.75023348600008,
              37.734326526000075
            ],
            [
              101.77237196100003,
              37.74312268700004
            ],
            [
              101.79184981600008,
              37.75128712500003
            ],
            [
              101.81431321000008,
              37.75839788300004
            ],
            [
              101.82790694300007,
              37.76697405700003
            ],
            [
              101.84457862300007,
              37.77225156600008
            ],
            [
              101.86367028700005,
              37.77233997400003
            ],
            [
              101.88325881200007,
              37.77225017600006
            ],
            [
              101.91014236700005,
              37.76297195800004
            ],
            [
              101.92924665000004,
              37.755562241000064
            ],
            [
              101.95035825700006,
              37.75116436900004
            ],
            [
              101.96793302700007,
              37.75276345800006
            ],
            [
              101.98883599000004,
              37.75354728800005
            ],
            [
              102.00800328700007,
              37.75903535700007
            ],
            [
              102.02798385100004,
              37.764876567000044
            ],
            [
              102.04167702000007,
              37.76402806500005
            ],
            [
              102.05602028000004,
              37.76313771000008
            ],
            [
              102.08292753000006,
              37.76148418100007
            ],
            [
              102.10194670200008,
              37.75582783400006
            ],
            [
              102.11157742000006,
              37.752333720000024
            ],
            [
              102.11587735400008,
              37.75139091700004
            ],
            [
              102.12288276100008,
              37.750656391000064
            ],
            [
              102.13157159900004,
              37.74639813500005
            ],
            [
              102.14317102000007,
              37.73686260300008
            ],
            [
              102.14500962100006,
              37.729188504000035
            ],
            [
              102.16289337100005,
              37.71726753000007
            ],
            [
              102.17528065700009,
              37.70715316400003
            ],
            [
              102.18496079900007,
              37.696830559000034
            ],
            [
              102.20789471700004,
              37.69465638400004
            ],
            [
              102.22398936500008,
              37.69411207400003
            ],
            [
              102.23814508800007,
              37.69154296800008
            ],
            [
              102.25182886800008,
              37.69010659200006
            ],
            [
              102.27865297800008,
              37.681920035000076
            ],
            [
              102.29423251900005,
              37.67942769200005
            ],
            [
              102.30136633800005,
              37.674829284000054
            ],
            [
              102.31789614500008,
              37.67302293200004
            ],
            [
              102.35160626500004,
              37.64990523200004
            ],
            [
              102.38589426000004,
              37.643854918000045
            ],
            [
              102.40371438500006,
              37.63588048300005
            ],
            [
              102.42341861800008,
              37.609901310000055
            ],
            [
              102.44908543200006,
              37.58099319200005
            ],
            [
              102.46955502600008,
              37.566072459000054
            ],
            [
              102.48867229200005,
              37.538370960000066
            ],
            [
              102.50097491800005,
              37.525966623000045
            ],
            [
              102.51483532500004,
              37.51242054700003
            ],
            [
              102.51441001900008,
              37.488063655000076
            ],
            [
              102.51659598400005,
              37.47710194900003
            ],
            [
              102.51264477300003,
              37.467426944000074
            ],
            [
              102.51499048900007,
              37.45155180000007
            ],
            [
              102.51855289600007,
              37.435700025000074
            ],
            [
              102.50983280600008,
              37.42288959600006
            ],
            [
              102.50660093600004,
              37.40995051800007
            ],
            [
              102.50351134800007,
              37.39888300600006
            ],
            [
              102.51822489700004,
              37.37525910200003
            ],
            [
              102.54535485300005,
              37.36773486300007
            ],
            [
              102.56774885900006,
              37.36151868200005
            ],
            [
              102.58593990200006,
              37.355675949000045
            ],
            [
              102.60693874400006,
              37.353140723000024
            ],
            [
              102.63056246700006,
              37.351762389000044
            ],
            [
              102.65058217600007,
              37.353767333000064
            ],
            [
              102.67331854100007,
              37.35652051100004
            ],
            [
              102.69148051900004,
              37.359656107000035
            ],
            [
              102.71049327600008,
              37.36491121200004
            ],
            [
              102.72724938700009,
              37.364271010000046
            ],
            [
              102.74309278000004,
              37.36361267500008
            ],
            [
              102.75930183400004,
              37.360851783000044
            ],
            [
              102.76970398900005,
              37.358925052000075
            ],
            [
              102.78390446200007,
              37.35191245200008
            ],
            [
              102.79512911800003,
              37.34250644800005
            ],
            [
              102.80689861300004,
              37.33521572500007
            ],
            [
              102.81707800100008,
              37.32126948400003
            ],
            [
              102.82410074900008,
              37.303130044000056
            ],
            [
              102.83848102700006,
              37.278304510000055
            ],
            [
              102.84250667400005,
              37.27214219000007
            ],
            [
              102.85192487300009,
              37.26592143000005
            ],
            [
              102.86864639500004,
              37.26011767000006
            ],
            [
              102.88655265300008,
              37.26011595600005
            ],
            [
              102.92069307800006,
              37.25586790600005
            ],
            [
              102.94402197400007,
              37.24711242800004
            ],
            [
              102.96192947800006,
              37.236394371000074
            ],
            [
              102.98456033100007,
              37.230663926000034
            ],
            [
              102.99524884700008,
              37.22848976500006
            ],
            [
              103.01046668000004,
              37.22732115000008
            ],
            [
              103.02536835100005,
              37.22661408700003
            ],
            [
              103.03389377700006,
              37.225808130000075
            ],
            [
              103.04942603100005,
              37.22417154200008
            ],
            [
              103.06039760000004,
              37.22269858300007
            ],
            [
              103.07444009700004,
              37.21986609000004
            ],
            [
              103.09180932600003,
              37.21754959900005
            ],
            [
              103.11860163200005,
              37.21135605600006
            ],
            [
              103.14164126900005,
              37.205461194000065
            ],
            [
              103.17318858900006,
              37.197606792000045
            ],
            [
              103.21587521800006,
              37.190196238000055
            ],
            [
              103.24106413200008,
              37.18502989600006
            ],
            [
              103.26518154900003,
              37.17885649200008
            ],
            [
              103.28182671000008,
              37.17534928800006
            ],
            [
              103.28594682200008,
              37.17227242800004
            ],
            [
              103.28797686500008,
              37.17073583000007
            ],
            [
              103.29384067100005,
              37.169939544000044
            ],
            [
              103.29863628800007,
              37.16924225400004
            ],
            [
              103.30240621900003,
              37.166892681000036
            ],
            [
              103.30442754100007,
              37.16469553600007
            ],
            [
              103.30568382300004,
              37.162780895000026
            ],
            [
              103.30491297900005,
              37.15990322500005
            ],
            [
              103.30384342300005,
              37.15752996100008
            ],
            [
              103.30441154800008,
              37.15348628100003
            ],
            [
              103.30372121600004,
              37.15040483900003
            ],
            [
              103.30132800100006,
              37.14715462000004
            ],
            [
              103.29800340400004,
              37.14316052500004
            ],
            [
              103.29729716600008,
              37.140810343000055
            ],
            [
              103.2931920440001,
              37.13782990000004
            ],
            [
              103.28527016100008,
              37.13596892800007
            ],
            [
              103.27999240400004,
              37.13458175000005
            ],
            [
              103.27489779000007,
              37.13348941500004
            ],
            [
              103.26712663400008,
              37.133384973000034
            ],
            [
              103.24984936900006,
              37.13364619300006
            ],
            [
              103.21959943100006,
              37.13509753900007
            ],
            [
              103.18934835100004,
              37.13654177400008
            ],
            [
              103.15909613100007,
              37.13797889500006
            ],
            [
              103.12883758900006,
              37.14369192600003
            ],
            [
              103.09857453600006,
              37.14939783700004
            ],
            [
              103.06830697600009,
              37.15509662900007
            ],
            [
              103.03845428000005,
              37.163605689000065
            ],
            [
              103.00754000000006,
              37.17366510700003
            ],
            [
              102.98242626800004,
              37.18216958600004
            ],
            [
              102.94564738600008,
              37.18392886200007
            ],
            [
              102.92041067300005,
              37.185396436000076
            ],
            [
              102.89513438500008,
              37.18826303900005
            ],
            [
              102.87951190700005,
              37.18603644700005
            ],
            [
              102.86687622600006,
              37.18255487500005
            ],
            [
              102.85416217800008,
              37.179050138000036
            ],
            [
              102.84852163300008,
              37.16985766000005
            ],
            [
              102.84092843600007,
              37.15747903700003
            ],
            [
              102.83517064500006,
              37.148089565000085
            ],
            [
              102.82959303100006,
              37.13668586600005
            ],
            [
              102.83805258000007,
              37.11844936500006
            ],
            [
              102.84731385600008,
              37.110385093000055
            ],
            [
              102.87005911800009,
              37.09655034700006
            ],
            [
              102.88449142300004,
              37.08203177000007
            ],
            [
              102.89440331700007,
              37.06609991100004
            ],
            [
              102.91342696700008,
              37.063191250000045
            ],
            [
              102.92923859600008,
              37.055334936000065
            ],
            [
              102.93976870100005,
              37.041669213000034
            ],
            [
              102.95121706300006,
              37.02429468800006
            ],
            [
              102.94292688600007,
              37.008652948000076
            ],
            [
              102.93338684400004,
              36.99737991500007
            ],
            [
              102.93437195100006,
              36.98890953600005
            ],
            [
              102.93599545600006,
              36.984838842000045
            ],
            [
              102.94700595600005,
              36.98355223300007
            ],
            [
              102.95622578600006,
              36.97843203300005
            ],
            [
              102.95541815700007,
              36.96612879800006
            ],
            [
              102.95549175100007,
              36.94915751900004
            ],
            [
              102.95469233900008,
              36.936561734000065
            ],
            [
              102.95057682300008,
              36.92069405600006
            ],
            [
              102.94351003900005,
              36.90214522000008
            ],
            [
              102.93070054800006,
              36.88642967000004
            ],
            [
              102.93089743900003,
              36.87911702800005
            ],
            [
              102.93607594400004,
              36.86925097900007
            ],
            [
              102.94136278200006,
              36.85528960400006
            ],
            [
              102.94388705600005,
              36.84567322300006
            ],
            [
              102.94258783000004,
              36.83775126000006
            ],
            [
              102.94161163100006,
              36.83188290000004
            ],
            [
              102.93865379200008,
              36.82949427400007
            ],
            [
              102.93496460600005,
              36.82621588500007
            ],
            [
              102.92776767000004,
              36.82697759200005
            ],
            [
              102.92026091000008,
              36.82729364900007
            ],
            [
              102.90426592000007,
              36.823628351000025
            ],
            [
              102.89387241800007,
              36.81812365500008
            ],
            [
              102.87392862300004,
              36.807862432000036
            ],
            [
              102.86257068300006,
              36.803005179000024
            ],
            [
              102.84825181300005,
              36.790941376000035
            ],
            [
              102.84722727000008,
              36.78243618000005
            ],
            [
              102.84093645200005,
              36.76804445500006
            ],
            [
              102.84301205900005,
              36.747851886000035
            ],
            [
              102.84377794200009,
              36.73775098700003
            ],
            [
              102.84850446300004,
              36.72954283200006
            ],
            [
              102.86431851400006,
              36.71974078000005
            ],
            [
              102.86528010300003,
              36.71226512000005
            ],
            [
              102.87041473500005,
              36.706614856000044
            ],
            [
              102.87794364200005,
              36.695522856000025
            ],
            [
              102.87581168200006,
              36.68048355500008
            ],
            [
              102.87242619300008,
              36.662189513000044
            ],
            [
              102.87073060600005,
              36.65698727100005
            ],
            [
              102.86036355600004,
              36.64651952500003
            ],
            [
              102.85692200300008,
              36.64018745900006
            ],
            [
              102.85237556800007,
              36.63458590600004
            ],
            [
              102.84764627000004,
              36.626920830000074
            ],
            [
              102.84276338700005,
              36.62047038900005
            ],
            [
              102.83729646500007,
              36.61574100800004
            ],
            [
              102.83205417900007,
              36.61120518700005
            ],
            [
              102.82404011800008,
              36.60660962000003
            ],
            [
              102.8157601710001,
              36.60186047600007
            ],
            [
              102.81232439600007,
              36.59288813400008
            ],
            [
              102.81402171500008,
              36.58402045400004
            ],
            [
              102.81097658400006,
              36.568433147000064
            ],
            [
              102.80870289600006,
              36.55679048700006
            ],
            [
              102.81177986700004,
              36.54384921700006
            ],
            [
              102.81407245400004,
              36.526680114000044
            ],
            [
              102.81754893000004,
              36.51550145400006
            ],
            [
              102.81973040100007,
              36.50219340000007
            ],
            [
              102.81574514600004,
              36.483511888000066
            ],
            [
              102.80888709000004,
              36.47075116100007
            ],
            [
              102.80616893600006,
              36.45525169000007
            ],
            [
              102.80851985100009,
              36.43597611800004
            ],
            [
              102.81988240200008,
              36.41685491100003
            ],
            [
              102.83737009900005,
              36.40415844800004
            ],
            [
              102.84487284300008,
              36.38365362500008
            ],
            [
              102.83345611800007,
              36.36795756400005
            ],
            [
              102.81302023500007,
              36.35460005900006
            ],
            [
              102.8046548920001,
              36.34098393600004
            ],
            [
              102.79629249000004,
              36.327367207000066
            ],
            [
              102.78596948100005,
              36.31057194600004
            ],
            [
              102.78416440600006,
              36.29367520900007
            ],
            [
              102.78282657400007,
              36.28016238600003
            ],
            [
              102.77903874600008,
              36.26587443000005
            ],
            [
              102.76894255300004,
              36.243748167000035
            ],
            [
              102.75684777300006,
              36.219697290000056
            ],
            [
              102.75064346000005,
              36.20231210600008
            ],
            [
              102.73832854500006,
              36.18890093600004
            ],
            [
              102.72106768600008,
              36.17503516600004
            ],
            [
              102.70941631500006,
              36.15805347700007
            ],
            [
              102.70391114100005,
              36.13230661500006
            ],
            [
              102.72040562300003,
              36.11763642600005
            ],
            [
              102.72646118800009,
              36.10108379600007
            ],
            [
              102.72196880100006,
              36.08181272100006
            ],
            [
              102.72706538800009,
              36.06028431200008
            ],
            [
              102.72496349700003,
              36.03606037600008
            ],
            [
              102.73043147900007,
              36.02285873500006
            ],
            [
              102.73023617200005,
              36.001897867000025
            ],
            [
              102.73091972300006,
              35.98901482000008
            ],
            [
              102.73144269400007,
              35.97485907600003
            ],
            [
              102.7333514680001,
              35.96301811700005
            ],
            [
              102.72925453900007,
              35.955059093000045
            ],
            [
              102.72498182900006,
              35.94675667900004
            ],
            [
              102.72553271400005,
              35.93608803600006
            ],
            [
              102.72195474800009,
              35.927015606000055
            ],
            [
              102.71928091700005,
              35.920410411000034
            ],
            [
              102.71698722500008,
              35.90167418600004
            ],
            [
              102.71242861000007,
              35.88473799600007
            ],
            [
              102.71213354600008,
              35.877436817000046
            ],
            [
              102.70983314700004,
              35.86796997000005
            ],
            [
              102.71240183800006,
              35.85435552100006
            ],
            [
              102.71558058200009,
              35.84296896500007
            ],
            [
              102.71387010200004,
              35.83275376900008
            ],
            [
              102.70977021400006,
              35.82156363000008
            ],
            [
              102.72114316600005,
              35.81481209100008
            ],
            [
              102.72524165800007,
              35.797491928000056
            ],
            [
              102.72781019500007,
              35.78901160500004
            ],
            [
              102.73071286700008,
              35.78235164600005
            ],
            [
              102.74664883600008,
              35.76984933800003
            ],
            [
              102.75858623400006,
              35.757154128000025
            ],
            [
              102.76073519500005,
              35.734036529000036
            ],
            [
              102.77279479000003,
              35.71993867600003
            ],
            [
              102.78461298700006,
              35.70686655800006
            ],
            [
              102.79159391400003,
              35.695934615000056
            ],
            [
              102.79636138500007,
              35.68739933100005
            ],
            [
              102.80775170700008,
              35.68047797100007
            ],
            [
              102.81475324000007,
              35.668608248000055
            ],
            [
              102.81471887200007,
              35.65687321300004
            ],
            [
              102.81878668900004,
              35.64357134100004
            ],
            [
              102.81884822400008,
              35.631042980000075
            ],
            [
              102.82255525100004,
              35.62497556500006
            ],
            [
              102.82744442700005,
              35.61581235800003
            ],
            [
              102.83080501800004,
              35.60951261800005
            ],
            [
              102.8352146160001,
              35.599225588000024
            ],
            [
              102.83890996400004,
              35.58473331000005
            ],
            [
              102.84219887300009,
              35.57331325700005
            ],
            [
              102.83953780000007,
              35.556514684000035
            ],
            [
              102.82979355700007,
              35.53820206300003
            ],
            [
              102.83944836400008,
              35.522206965000066
            ],
            [
              102.85688566000005,
              35.51477569700006
            ],
            [
              102.88164898000008,
              35.49997048100005
            ],
            [
              102.89420207700005,
              35.47812130700004
            ],
            [
              102.90118526100008,
              35.46677768300003
            ],
            [
              102.92592958200004,
              35.45643512300006
            ],
            [
              102.93930300900007,
              35.44838388200004
            ],
            [
              102.94458637700006,
              35.43929024200003
            ],
            [
              102.94442333500007,
              35.42460831500006
            ],
            [
              102.95496554800008,
              35.41087160700005
            ],
            [
              102.97088935900007,
              35.40853328500003
            ],
            [
              102.98848034700006,
              35.405947637000054
            ],
            [
              103.00849542100008,
              35.39826043800008
            ],
            [
              103.01472528800008,
              35.395085893000044
            ],
            [
              103.02678214800005,
              35.384898768000035
            ],
            [
              103.03883587500007,
              35.374710427000025
            ],
            [
              103.05988801800004,
              35.36355184200005
            ],
            [
              103.08093417000003,
              35.35238965800005
            ],
            [
              103.09717914800007,
              35.34506824300007
            ],
            [
              103.11551536200005,
              35.330817180000054
            ],
            [
              103.13384491500005,
              35.316563322000036
            ],
            [
              103.14796308200005,
              35.30794564900003
            ],
            [
              103.16207814800003,
              35.299326345000054
            ],
            [
              103.18653921800006,
              35.28924924200004
            ],
            [
              103.20457125500008,
              35.290913817000046
            ],
            [
              103.22282156400009,
              35.29806198500006
            ],
            [
              103.23736414400008,
              35.29489197100003
            ],
            [
              103.25390954800008,
              35.293151084000044
            ],
            [
              103.27136624100007,
              35.280005352000046
            ],
            [
              103.29836826500008,
              35.267954993000046
            ],
            [
              103.32050437900006,
              35.265028967000035
            ],
            [
              103.34263884400008,
              35.26209903100005
            ],
            [
              103.35359929900005,
              35.250944692000076
            ],
            [
              103.36455664000005,
              35.23978931800008
            ],
            [
              103.38190800000007,
              35.23630605900007
            ],
            [
              103.39925782000006,
              35.232820392000065
            ],
            [
              103.41594139500008,
              35.22841720100007
            ],
            [
              103.42597923200009,
              35.223663282000075
            ],
            [
              103.43855075400006,
              35.21862001200004
            ],
            [
              103.45290056100004,
              35.21130232400003
            ],
            [
              103.47699634600008,
              35.20480443800005
            ],
            [
              103.49211513100005,
              35.203347493000024
            ],
            [
              103.50284513700007,
              35.199259828000045
            ],
            [
              103.52311428100006,
              35.19130196500004
            ],
            [
              103.55620576900009,
              35.181729752000024
            ],
            [
              103.56839479300005,
              35.17766249700003
            ],
            [
              103.59072415800006,
              35.15827154100003
            ],
            [
              103.60159934000006,
              35.142985777000035
            ],
            [
              103.60909292600007,
              35.13280721500007
            ],
            [
              103.61294534100006,
              35.12185564300006
            ],
            [
              103.62635452800004,
              35.102589927000054
            ],
            [
              103.63078467200006,
              35.08902681400008
            ],
            [
              103.63521328800005,
              35.07546342200004
            ],
            [
              103.64625726200006,
              35.05783550500007
            ],
            [
              103.65582680600005,
              35.03279594900005
            ],
            [
              103.67075362100007,
              35.017639888000076
            ],
            [
              103.67951254300004,
              35.00633043500005
            ],
            [
              103.69404009100005,
              34.991564666000045
            ],
            [
              103.70501894200004,
              34.980828494000036
            ],
            [
              103.72014319300007,
              34.96799261100006
            ],
            [
              103.72915408700004,
              34.95801116700005
            ],
            [
              103.72871532200008,
              34.94863606300004
            ],
            [
              103.73646849900007,
              34.94332654500005
            ],
            [
              103.73683839300008,
              34.93864492800003
            ],
            [
              103.73137581000009,
              34.92992163500003
            ],
            [
              103.73004130200007,
              34.92124006600005
            ],
            [
              103.73017703900007,
              34.91280765300007
            ],
            [
              103.72826107900005,
              34.90365149500008
            ],
            [
              103.72489489100008,
              34.893074788000035
            ],
            [
              103.72508032000007,
              34.88159710100007
            ],
            [
              103.73142187700006,
              34.87205626000008
            ],
            [
              103.74130779800004,
              34.86184799000006
            ],
            [
              103.74659294600008,
              34.852560280000034
            ],
            [
              103.73986574900006,
              34.84145084200003
            ],
            [
              103.73213558100008,
              34.80927515900004
            ],
            [
              103.74089226400008,
              34.79554066700007
            ],
            [
              103.73431355400004,
              34.77187222600003
            ],
            [
              103.72992633900009,
              34.76356528500003
            ],
            [
              103.72501959300007,
              34.75765772600005
            ],
            [
              103.70586284800004,
              34.74749610300006
            ],
            [
              103.69554042100003,
              34.72548748200006
            ],
            [
              103.71159124500008,
              34.71257283500006
            ],
            [
              103.71715853000008,
              34.70348518800006
            ],
            [
              103.72038473900005,
              34.69821784700002
            ],
            [
              103.72138513900006,
              34.691312012000026
            ],
            [
              103.72673224100004,
              34.68785211300008
            ],
            [
              103.75296388200007,
              34.68343129100003
            ],
            [
              103.76223209000005,
              34.67344830500008
            ],
            [
              103.76504128000005,
              34.66293204600004
            ],
            [
              103.76779138200004,
              34.656164130000036
            ],
            [
              103.75912302600005,
              34.64653208000004
            ],
            [
              103.75695474200006,
              34.63520201800003
            ],
            [
              103.75836858000008,
              34.61456956200004
            ],
            [
              103.75770420500004,
              34.60615338900004
            ],
            [
              103.76079418300009,
              34.59634247100007
            ],
            [
              103.76475053600007,
              34.580261636000046
            ],
            [
              103.76968641500008,
              34.57074089500003
            ],
            [
              103.77601842000007,
              34.55852344200008
            ],
            [
              103.78622703400004,
              34.54083971800003
            ],
            [
              103.78815144100008,
              34.52567552200003
            ],
            [
              103.78759759800005,
              34.502351512000075
            ],
            [
              103.79228069500004,
              34.49220111300008
            ],
            [
              103.80542981800005,
              34.48626466400003
            ],
            [
              103.8117945530001,
              34.472270181000056
            ],
            [
              103.81773433900008,
              34.457305304000045
            ],
            [
              103.82414735300006,
              34.45275901400004
            ],
            [
              103.82402326500005,
              34.44860020900006
            ],
            [
              103.82686082700008,
              34.44506336200004
            ],
            [
              103.83032472000008,
              34.44266245700004
            ],
            [
              103.82918499200008,
              34.43855183900007
            ],
            [
              103.82601767800008,
              34.433203562000074
            ],
            [
              103.82265617000007,
              34.42809585700007
            ],
            [
              103.82364361500004,
              34.424095993000044
            ],
            [
              103.82801547200006,
              34.417158302000075
            ],
            [
              103.83463955600007,
              34.408459694000044
            ],
            [
              103.83694896900005,
              34.402838657000075
            ],
            [
              103.84115338700008,
              34.40153419600006
            ],
            [
              103.84985323400008,
              34.39597979100006
            ],
            [
              103.85699109700005,
              34.38647174000005
            ],
            [
              103.86442577600009,
              34.37568736000003
            ],
            [
              103.86657299100006,
              34.35993542400007
            ],
            [
              103.88339844000006,
              34.35001009300004
            ],
            [
              103.88687529100008,
              34.33396330900007
            ],
            [
              103.89655864500008,
              34.329737340000065
            ],
            [
              103.90352892200008,
              34.318177020000064
            ],
            [
              103.91131265000007,
              34.299398506000045
            ],
            [
              103.92386774500007,
              34.291574869000044
            ],
            [
              103.93532963600006,
              34.27523124900006
            ],
            [
              103.93409027500007,
              34.26054513500003
            ],
            [
              103.93830823100008,
              34.24923959100005
            ],
            [
              103.94559517200008,
              34.244085075000044
            ],
            [
              103.95429522600006,
              34.24168252100003
            ],
            [
              103.96005290900007,
              34.23686722100007
            ],
            [
              103.96764245300005,
              34.233077012000024
            ],
            [
              103.9744594730001,
              34.230014691000065
            ],
            [
              103.98122648900005,
              34.225951563000024
            ],
            [
              103.98689888300004,
              34.21986787700007
            ],
            [
              103.99431233100007,
              34.21171336100008
            ],
            [
              104.00555620500006,
              34.200372567000045
            ],
            [
              104.01457895700008,
              34.19800730000003
            ],
            [
              104.02243445800008,
              34.19053440600004
            ],
            [
              104.0305711760001,
              34.18481858700005
            ],
            [
              104.03889850900003,
              34.18175608200005
            ],
            [
              104.04419688400009,
              34.17833967000007
            ],
            [
              104.04672757700007,
              34.174315712000066
            ],
            [
              104.05030687900006,
              34.16872049700004
            ],
            [
              104.05749108200007,
              34.165549363000025
            ],
            [
              104.06470126200009,
              34.16079874600007
            ],
            [
              104.07228033000008,
              34.15608757700005
            ],
            [
              104.08142554800008,
              34.147951514000056
            ],
            [
              104.08657580100004,
              34.14390896800006
            ],
            [
              104.09015098700007,
              34.13760621000006
            ],
            [
              104.09479349600008,
              34.133655272000055
            ],
            [
              104.10138946600006,
              34.12881359100004
            ],
            [
              104.11218274800007,
              34.122118381000064
            ],
            [
              104.11966721300007,
              34.11747443300004
            ],
            [
              104.13153965200007,
              34.10512456600003
            ],
            [
              104.14447463700009,
              34.09421687100007
            ],
            [
              104.15709828600006,
              34.08730811000004
            ],
            [
              104.16222786600008,
              34.08449281600008
            ],
            [
              104.16611551900007,
              34.082350707000046
            ],
            [
              104.16716457200005,
              34.07966191600008
            ],
            [
              104.16647333100008,
              34.07602368200003
            ],
            [
              104.16304380600008,
              34.05762511300003
            ],
            [
              104.16639684100005,
              34.05320196200006
            ],
            [
              104.16852059500007,
              34.04697211700005
            ],
            [
              104.17565433400006,
              34.04503818400008
            ],
            [
              104.18211818200007,
              34.04031131000005
            ],
            [
              104.18775002800004,
              34.036972663000036
            ],
            [
              104.19367796600005,
              34.03293812600003
            ],
            [
              104.19784819000006,
              34.03009946000004
            ],
            [
              104.20523129400004,
              34.029326694000076
            ],
            [
              104.21322006100007,
              34.02646238300008
            ],
            [
              104.22210403300005,
              34.02096453200005
            ],
            [
              104.22546099500005,
              34.014451411000046
            ],
            [
              104.23387992000005,
              34.01367482300003
            ],
            [
              104.24296092600008,
              34.00982397200005
            ],
            [
              104.25383010600007,
              34.00521345000004
            ],
            [
              104.27479979700007,
              33.998996942000076
            ],
            [
              104.28666792700005,
              33.99131170900006
            ],
            [
              104.29865611000008,
              33.99013233000005
            ],
            [
              104.31103710000008,
              33.987013681000064
            ],
            [
              104.31829926000006,
              33.982740284000045
            ],
            [
              104.32252939100005,
              33.97863738900003
            ],
            [
              104.32643217900005,
              33.97452801500003
            ],
            [
              104.33963827400005,
              33.967101709000076
            ],
            [
              104.34619654300008,
              33.96301039300005
            ],
            [
              104.34951206500006,
              33.95646339800004
            ],
            [
              104.35371948600005,
              33.95479749000003
            ],
            [
              104.35723986500005,
              33.95162738600004
            ],
            [
              104.36635259100007,
              33.94829847500006
            ],
            [
              104.37987177000008,
              33.94742940200007
            ],
            [
              104.39142905800009,
              33.94629152500005
            ],
            [
              104.39802744900004,
              33.94313787300007
            ],
            [
              104.39650975200004,
              33.934570257000075
            ],
            [
              104.40444454400006,
              33.93254565800004
            ],
            [
              104.41261735900008,
              33.92977143000007
            ],
            [
              104.42235809300007,
              33.92543855500003
            ],
            [
              104.42942306200007,
              33.92478615500006
            ],
            [
              104.45007356900004,
              33.91676016300005
            ],
            [
              104.46865314000007,
              33.909393641000065
            ],
            [
              104.48705005500005,
              33.909028705000026
            ],
            [
              104.50303311100004,
              33.90446006600007
            ],
            [
              104.51901434100006,
              33.89988933200004
            ],
            [
              104.52533201800009,
              33.89349421500003
            ],
            [
              104.52659492500005,
              33.884963904000074
            ],
            [
              104.52014963800008,
              33.86477578900008
            ],
            [
              104.52356212100005,
              33.858558455000036
            ],
            [
              104.52754077700007,
              33.85130820000007
            ],
            [
              104.52706377500004,
              33.83685367600003
            ],
            [
              104.52598942800006,
              33.821843123000065
            ],
            [
              104.51521441700004,
              33.81041946700003
            ],
            [
              104.50761297500009,
              33.79762520600008
            ],
            [
              104.51196905200004,
              33.794213426000056
            ],
            [
              104.51851900700007,
              33.78767365900006
            ],
            [
              104.5208956040001,
              33.77905383800004
            ],
            [
              104.51820181800008,
              33.76309804300007
            ],
            [
              104.51267048700004,
              33.75597950100007
            ],
            [
              104.50646990000008,
              33.75137112600004
            ],
            [
              104.49951656400003,
              33.748388394000074
            ],
            [
              104.49098002000005,
              33.74779057100005
            ],
            [
              104.47962671800008,
              33.75154187600003
            ],
            [
              104.4651489860001,
              33.75316812900007
            ],
            [
              104.45661314500006,
              33.75242723000002
            ],
            [
              104.45174727900007,
              33.75029518100007
            ],
            [
              104.44829243600009,
              33.74577741400003
            ],
            [
              104.44501225400006,
              33.741260314000044
            ],
            [
              104.44331545900008,
              33.73463979300004
            ],
            [
              104.44142901700008,
              33.730269545000056
            ],
            [
              104.43656687800008,
              33.72785545600004
            ],
            [
              104.43153578300007,
              33.72473688100007
            ],
            [
              104.42772368000004,
              33.72176446900005
            ],
            [
              104.42529656700003,
              33.72006472800007
            ],
            [
              104.42234892000005,
              33.71808108700003
            ],
            [
              104.41894701100006,
              33.71869821400003
            ],
            [
              104.41640592900006,
              33.72072635500007
            ],
            [
              104.4122193190001,
              33.721409917000074
            ],
            [
              104.40735339700007,
              33.719698136000034
            ],
            [
              104.40388772800009,
              33.717148741000074
            ],
            [
              104.40113489900006,
              33.712492173000044
            ],
            [
              104.39837500000004,
              33.708820410000044
            ],
            [
              104.39579060700004,
              33.70500872900004
            ],
            [
              104.39471341200004,
              33.69986646900003
            ],
            [
              104.38936874500007,
              33.69761972200007
            ],
            [
              104.38646001400008,
              33.69427235200004
            ],
            [
              104.38040051500008,
              33.69029875000007
            ],
            [
              104.37816935000006,
              33.68633627300006
            ],
            [
              104.37649325900009,
              33.67761531600007
            ],
            [
              104.37061901800007,
              33.67292380500004
            ],
            [
              104.36942790200006,
              33.668151746000035
            ],
            [
              104.36465717100003,
              33.66446167700008
            ],
            [
              104.35783894800005,
              33.65852339000003
            ],
            [
              104.34964630100008,
              33.650621794000074
            ],
            [
              104.34377210100007,
              33.64495494500005
            ],
            [
              104.34018254700004,
              33.64219298900008
            ],
            [
              104.33665011800008,
              33.63947469200008
            ],
            [
              104.32972540300005,
              33.63609114600007
            ],
            [
              104.32613905600005,
              33.629780991000075
            ],
            [
              104.32134186100006,
              33.62588914500003
            ],
            [
              104.31721865900005,
              33.62254362700003
            ],
            [
              104.31194062400004,
              33.61693740900006
            ],
            [
              104.30907845200005,
              33.61252388400004
            ],
            [
              104.30522661600008,
              33.60715631800008
            ],
            [
              104.30470749400007,
              33.60568762100007
            ],
            [
              104.30427749100005,
              33.60447101500006
            ],
            [
              104.30450033700005,
              33.603567233000035
            ],
            [
              104.30538407800009,
              33.602943708000055
            ],
            [
              104.30655405200008,
              33.602578537000056
            ],
            [
              104.30989790300004,
              33.60153477800003
            ],
            [
              104.31571180900005,
              33.59980832300005
            ],
            [
              104.32465810200006,
              33.59316158900003
            ],
            [
              104.33422740200007,
              33.588507598000035
            ],
            [
              104.34275664900008,
              33.584358328000064
            ],
            [
              104.35564341500009,
              33.58071159000008
            ],
            [
              104.36652053200004,
              33.57556708900006
            ],
            [
              104.37443951200004,
              33.57278423400004
            ],
            [
              104.38366279500009,
              33.56748113300006
            ],
            [
              104.39967438500008,
              33.56280514400004
            ],
            [
              104.40926972500006,
              33.55646164700005
            ],
            [
              104.42047623600007,
              33.55562346100004
            ],
            [
              104.43960133400009,
              33.55140271600004
            ],
            [
              104.45342667700004,
              33.543291658000044
            ],
            [
              104.46652386800008,
              33.53383832600008
            ],
            [
              104.47676892200008,
              33.52988386900006
            ],
            [
              104.49102163300007,
              33.52056746000005
            ],
            [
              104.49803183600005,
              33.51480047200005
            ],
            [
              104.50447587900004,
              33.51140858300005
            ],
            [
              104.51091576200008,
              33.50861078400004
            ],
            [
              104.51901285800005,
              33.50477885300006
            ],
            [
              104.52747702000005,
              33.500799175000054
            ],
            [
              104.53872397700007,
              33.491330608000055
            ],
            [
              104.55123909200006,
              33.48424345400008
            ],
            [
              104.55788311700007,
              33.476985314000046
            ],
            [
              104.56102491000007,
              33.472686656000064
            ],
            [
              104.56526199800004,
              33.46928351100007
            ],
            [
              104.57333941500008,
              33.46719438900004
            ],
            [
              104.57795140900005,
              33.463287867000076
            ],
            [
              104.58093549300008,
              33.45328703200005
            ],
            [
              104.58606622800005,
              33.45034092800006
            ],
            [
              104.58800157900004,
              33.44817068100008
            ],
            [
              104.58905404600006,
              33.44350540200003
            ],
            [
              104.59273311500004,
              33.44113970300004
            ],
            [
              104.59565741100005,
              33.434828598000024
            ],
            [
              104.5977606580001,
              33.430847775000075
            ],
            [
              104.59957313300004,
              33.42986673100006
            ],
            [
              104.60065871100005,
              33.42981882600003
            ],
            [
              104.60349528000006,
              33.42969360500007
            ],
            [
              104.60494423900008,
              33.429229140000075
            ],
            [
              104.60581525800006,
              33.42792842000006
            ],
            [
              104.60659597000006,
              33.42520589500003
            ],
            [
              104.60751173100005,
              33.418448141000056
            ],
            [
              104.61051210700003,
              33.41465633100006
            ],
            [
              104.61286753300004,
              33.407276127000046
            ],
            [
              104.61145991500007,
              33.39794981800003
            ],
            [
              104.61422999800004,
              33.393499623000025
            ],
            [
              104.61379237000006,
              33.38264993400003
            ],
            [
              104.61309359000006,
              33.37146006800003
            ],
            [
              104.60790827900007,
              33.36242152600005
            ],
            [
              104.60596359500005,
              33.34823963900004
            ],
            [
              104.61885594000006,
              33.33941058500005
            ],
            [
              104.62141152900006,
              33.33364966200003
            ],
            [
              104.62464900700007,
              33.32850601800004
            ],
            [
              104.62394918900009,
              33.317315525000026
            ],
            [
              104.61519944400004,
              33.30753232100005
            ],
            [
              104.60877182400009,
              33.29550132400004
            ],
            [
              104.61240022700008,
              33.28450126700005
            ],
            [
              104.63856941000006,
              33.27155610400007
            ],
            [
              104.65405710000005,
              33.266948900000045
            ],
            [
              104.66695821200005,
              33.262232104000084
            ],
            [
              104.67252395000008,
              33.256803982000065
            ],
            [
              104.67650025000006,
              33.24848356900003
            ],
            [
              104.67967326400009,
              33.23831747300005
            ],
            [
              104.68257454100006,
              33.226610934000064
            ],
            [
              104.68018970800006,
              33.21641765800007
            ],
            [
              104.67815087900004,
              33.20712912100004
            ],
            [
              104.67690314500004,
              33.20144354400003
            ],
            [
              104.67137789800006,
              33.19044155600005
            ],
            [
              104.66872020100004,
              33.18514828700007
            ],
            [
              104.66164266300007,
              33.17991419500004
            ],
            [
              104.64884218600008,
              33.178470186000034
            ],
            [
              104.63640665700008,
              33.17294313300005
            ],
            [
              104.62484650700009,
              33.16558723300005
            ],
            [
              104.61094122400004,
              33.161121079000054
            ],
            [
              104.59546717800004,
              33.158313175000046
            ],
            [
              104.58716891100005,
              33.157018279000056
            ],
            [
              104.58008929600004,
              33.15431912300005
            ],
            [
              104.57647534200004,
              33.15064609500007
            ],
            [
              104.57338812200004,
              33.14556687900006
            ],
            [
              104.57167913900008,
              33.14161873300003
            ],
            [
              104.57206237900004,
              33.134580466000045
            ],
            [
              104.56725782300003,
              33.12738304800007
            ],
            [
              104.55881406200007,
              33.121721009000055
            ],
            [
              104.55382376300008,
              33.11719739700004
            ],
            [
              104.54797179700006,
              33.112247973000024
            ],
            [
              104.54111028600005,
              33.102507306000064
            ],
            [
              104.52801871700007,
              33.094150171000024
            ],
            [
              104.51544899700008,
              33.08569974300008
            ],
            [
              104.50131926600005,
              33.07864471800008
            ],
            [
              104.49663553600004,
              33.06932668200005
            ],
            [
              104.49206070000008,
              33.06640833800003
            ],
            [
              104.48550704800004,
              33.064268766000055
            ],
            [
              104.47390460700007,
              33.061233558000026
            ],
            [
              104.45890511400006,
              33.06246387300007
            ],
            [
              104.44592223800004,
              33.06564405900008
            ],
            [
              104.43054955500008,
              33.064446743000076
            ],
            [
              104.41237217700007,
              33.065307963000066
            ],
            [
              104.40952176600007,
              33.06464704500007
            ],
            [
              104.40819544400006,
              33.062981861000026
            ],
            [
              104.40708412900005,
              33.059265792000076
            ],
            [
              104.40525059500004,
              33.050104360000034
            ],
            [
              104.40080935100008,
              33.04318295500008
            ],
            [
              104.39244952100006,
              33.03349695900005
            ],
            [
              104.38451934800008,
              33.02852114600006
            ],
            [
              104.37719061700005,
              33.02217664400007
            ],
            [
              104.37351118500004,
              33.018470179000076
            ],
            [
              104.36949739200008,
              33.01442636300004
            ],
            [
              104.36650223600009,
              33.00848008500003
            ],
            [
              104.36081117900005,
              33.00462145400007
            ],
            [
              104.35759394200005,
              32.997578770000075
            ],
            [
              104.35493103700009,
              32.99316411800004
            ],
            [
              104.35172301600005,
              32.98947991400007
            ],
            [
              104.34703598200008,
              32.98517642400003
            ],
            [
              104.33827363700004,
              32.976541120000036
            ],
            [
              104.33862353200004,
              32.97085039800004
            ],
            [
              104.34075869800006,
              32.96682574600004
            ],
            [
              104.34232729800004,
              32.96115364700006
            ],
            [
              104.34227344600004,
              32.957157454000026
            ],
            [
              104.34049872200006,
              32.95255341600006
            ],
            [
              104.33924864000005,
              32.94712481800008
            ],
            [
              104.33489232500006,
              32.940001454000026
            ],
            [
              104.33055950300007,
              32.93811875300003
            ],
            [
              104.32836449500007,
              32.93647304000007
            ],
            [
              104.32764604300007,
              32.934577587000035
            ],
            [
              104.32660660100004,
              32.93206944900004
            ],
            [
              104.32573335000006,
              32.92919168200007
            ],
            [
              104.32054561800004,
              32.92406666000005
            ],
            [
              104.31384540200008,
              32.91966243000008
            ],
            [
              104.30639227300009,
              32.914762265000036
            ],
            [
              104.30246126100008,
              32.91134538600005
            ],
            [
              104.30203444600005,
              32.90749347800005
            ],
            [
              104.30061254600008,
              32.89903521000008
            ],
            [
              104.30056669400005,
              32.89605441000003
            ],
            [
              104.30046523100003,
              32.889457476000075
            ],
            [
              104.29903997200006,
              32.886393971000075
            ],
            [
              104.29753079000005,
              32.88314979100005
            ],
            [
              104.29806716100006,
              32.87999301900004
            ],
            [
              104.29874200200004,
              32.876020932000074
            ],
            [
              104.29711152600004,
              32.87001937200006
            ],
            [
              104.29595734400004,
              32.865770405000035
            ],
            [
              104.29712001500008,
              32.862727876000065
            ],
            [
              104.29969364000004,
              32.86078464700006
            ],
            [
              104.30142192800008,
              32.85847814400006
            ],
            [
              104.29917148200008,
              32.85292534300004
            ],
            [
              104.30003612700006,
              32.844435013000066
            ],
            [
              104.29464466400003,
              32.84010803100006
            ],
            [
              104.2927778410001,
              32.836787282000046
            ],
            [
              104.28938265600004,
              32.83288715800006
            ],
            [
              104.28851968800006,
              32.83105809500006
            ],
            [
              104.28948345100008,
              32.82923271100003
            ],
            [
              104.29330433900009,
              32.82580421200004
            ],
            [
              104.29745120200005,
              32.82302160100005
            ],
            [
              104.29774823400004,
              32.81737901400004
            ],
            [
              104.30039686600009,
              32.80992920000006
            ],
            [
              104.30472504600006,
              32.80164713200003
            ],
            [
              104.31135694600005,
              32.792724333000024
            ],
            [
              104.32151236300008,
              32.779092211000034
            ],
            [
              104.32299845200004,
              32.77574544600003
            ],
            [
              104.31838644100009,
              32.77189622900005
            ],
            [
              104.31720442300008,
              32.76803537300003
            ],
            [
              104.31649423500006,
              32.76484263700008
            ],
            [
              104.31320932100004,
              32.76419259200003
            ],
            [
              104.31034981200008,
              32.762634079000065
            ],
            [
              104.30963495400005,
              32.75997009500003
            ],
            [
              104.30861155600007,
              32.75615597500007
            ],
            [
              104.30855547100003,
              32.75093238900007
            ],
            [
              104.31134919500005,
              32.74629980900005
            ],
            [
              104.31460683300008,
              32.74365579600004
            ],
            [
              104.31707309800004,
              32.73986122900004
            ],
            [
              104.33001067300006,
              32.737811614000066
            ],
            [
              104.34147935600004,
              32.73422587400006
            ],
            [
              104.35714269700009,
              32.72689097500006
            ],
            [
              104.36367824000007,
              32.720116877000066
            ],
            [
              104.36893191900003,
              32.715777427000035
            ],
            [
              104.37779438500007,
              32.71197281700006
            ],
            [
              104.38915479800005,
              32.71146709800007
            ],
            [
              104.39714725500005,
              32.71007958400003
            ],
            [
              104.40245158500005,
              32.70500640600005
            ],
            [
              104.40765616100003,
              32.69911538800005
            ],
            [
              104.41343763200007,
              32.69480157500004
            ],
            [
              104.41374889400004,
              32.69139867500007
            ],
            [
              104.41248673700005,
              32.68751856800003
            ],
            [
              104.41164451800006,
              32.68504920300006
            ],
            [
              104.41341878500003,
              32.67754451500008
            ],
            [
              104.40931606700008,
              32.670128625000075
            ],
            [
              104.41050086000007,
              32.664851518000035
            ],
            [
              104.40663934700007,
              32.65986439400007
            ],
            [
              104.40869569900008,
              32.65097340300008
            ],
            [
              104.40536659900005,
              32.64023464400003
            ],
            [
              104.39583977500007,
              32.63214203100006
            ],
            [
              104.39948567900007,
              32.62119107400002
            ],
            [
              104.40114350300007,
              32.61220962600004
            ],
            [
              104.40063562500006,
              32.605792817000065
            ],
            [
              104.39263323800009,
              32.601131001000056
            ],
            [
              104.38577248200005,
              32.59945268200005
            ],
            [
              104.38035547600003,
              32.596255057000064
            ],
            [
              104.37567458500007,
              32.59047796700003
            ],
            [
              104.37385488700005,
              32.58506771200007
            ],
            [
              104.37374784700006,
              32.58037072900004
            ],
            [
              104.37323036000004,
              32.57320593800006
            ],
            [
              104.37183607700007,
              32.568384792000074
            ],
            [
              104.37056965900007,
              32.56556029500007
            ],
            [
              104.36775540600007,
              32.55932268400005
            ],
            [
              104.36451135000004,
              32.55320011300006
            ],
            [
              104.36034079200004,
              32.53756171300006
            ],
            [
              104.35479427000007,
              32.52892918700008
            ],
            [
              104.35228416600006,
              32.52613292700005
            ],
            [
              104.34802989800005,
              32.52442217500004
            ],
            [
              104.33899505000005,
              32.52549370300005
            ],
            [
              104.32128920100007,
              32.52140335400003
            ],
            [
              104.29710300800008,
              32.52030236600007
            ],
            [
              104.27781859000004,
              32.515256065000074
            ],
            [
              104.25944825700009,
              32.51402946400003
            ],
            [
              104.24594963000004,
              32.513770900000054
            ],
            [
              104.23039468000007,
              32.51476397000005
            ],
            [
              104.21437269200004,
              32.51484883100005
            ],
            [
              104.19077881400005,
              32.509304507000024
            ],
            [
              104.17959784800009,
              32.497486673000026
            ],
            [
              104.17832602300007,
              32.48402509300007
            ],
            [
              104.17301058600005,
              32.47236336800006
            ],
            [
              104.16837665700007,
              32.46411142300008
            ],
            [
              104.16688820000007,
              32.45588092700007
            ],
            [
              104.16366575100005,
              32.44951727000006
            ],
            [
              104.16243853400005,
              32.44375449100005
            ],
            [
              104.16495098400009,
              32.43566884000006
            ],
            [
              104.16387038100004,
              32.42955466700005
            ],
            [
              104.16220517100004,
              32.42472819500006
            ],
            [
              104.16367969700008,
              32.420275762000074
            ],
            [
              104.16849858300009,
              32.41639832000004
            ],
            [
              104.17175214200006,
              32.411159386000065
            ],
            [
              104.17440728800005,
              32.40854690700007
            ],
            [
              104.17297590500004,
              32.40318181300006
            ],
            [
              104.17234538800005,
              32.40039113100005
            ],
            [
              104.16959550800004,
              32.39846095000007
            ],
            [
              104.16665239900004,
              32.39571601400007
            ],
            [
              104.16304416300005,
              32.39099334000008
            ],
            [
              104.16344662200004,
              32.38517091800003
            ],
            [
              104.16406307300008,
              32.380759272000034
            ],
            [
              104.16397961700005,
              32.37775209600005
            ],
            [
              104.16378866900004,
              32.37408646600005
            ],
            [
              104.16633055500006,
              32.371285338000064
            ],
            [
              104.16703840700006,
              32.368016115000046
            ],
            [
              104.16741054900007,
              32.366297264000025
            ],
            [
              104.16811162500005,
              32.363058918000036
            ],
            [
              104.16819232500006,
              32.35673467200008
            ],
            [
              104.16573874600005,
              32.35156660500007
            ],
            [
              104.16359158600005,
              32.34871630300006
            ],
            [
              104.16099401400005,
              32.34587945800007
            ],
            [
              104.15816727700008,
              32.34313490900007
            ],
            [
              104.15510264400007,
              32.341328227000076
            ],
            [
              104.15248708100006,
              32.34027630800006
            ],
            [
              104.15148674400007,
              32.337638354000035
            ],
            [
              104.15094318100006,
              32.33500359700003
            ],
            [
              104.15108860000004,
              32.331997827000066
            ],
            [
              104.15077342700005,
              32.32936465500006
            ],
            [
              104.15171312200005,
              32.32683426500006
            ],
            [
              104.15367924800006,
              32.32440502900005
            ],
            [
              104.15336304700008,
              32.32186579200005
            ],
            [
              104.15351419400008,
              32.318296220000036
            ],
            [
              104.15228286700005,
              32.31593846100003
            ],
            [
              104.15322430900005,
              32.313220096000066
            ],
            [
              104.15446363300003,
              32.30938852100007
            ],
            [
              104.15534693600006,
              32.30665740500007
            ],
            [
              104.15401618700008,
              32.302889435000054
            ],
            [
              104.15267581900008,
              32.30006102900006
            ],
            [
              104.1520173680001,
              32.29751929500003
            ],
            [
              104.15042712700006,
              32.29533333300003
            ],
            [
              104.14878450100008,
              32.292838431000064
            ],
            [
              104.14809600500007,
              32.29043168000004
            ],
            [
              104.14732510500005,
              32.28773669200007
            ],
            [
              104.14647518500004,
              32.28476523300003
            ],
            [
              104.14577101700007,
              32.28230317200007
            ],
            [
              104.14488227700008,
              32.279195540000046
            ],
            [
              104.14298308800005,
              32.27744014600006
            ],
            [
              104.14095007500003,
              32.27545230800007
            ],
            [
              104.13915919500006,
              32.272150572000044
            ],
            [
              104.13302656800005,
              32.26924262800003
            ],
            [
              104.13199130600003,
              32.26600491900007
            ],
            [
              104.13059339400009,
              32.26335189200006
            ],
            [
              104.12848887100006,
              32.260106406000034
            ],
            [
              104.12566531100003,
              32.25744298200004
            ],
            [
              104.12283563500006,
              32.255366766000066
            ],
            [
              104.11980374500007,
              32.25309609900006
            ],
            [
              104.11581573500007,
              32.25207104300006
            ],
            [
              104.11300571100008,
              32.25085223100007
            ],
            [
              104.11063498400006,
              32.24857938800005
            ],
            [
              104.10801391700005,
              32.24574079000007
            ],
            [
              104.10463632000005,
              32.24169832600006
            ],
            [
              104.10305983900008,
              32.23724627300004
            ],
            [
              104.10198894800004,
              32.23350276100007
            ],
            [
              104.10142664500007,
              32.23018590700008
            ],
            [
              104.10053858300006,
              32.22538646300006
            ],
            [
              104.09922848900004,
              32.220090441000025
            ],
            [
              104.09970878300004,
              32.21530114600006
            ],
            [
              104.09983538100005,
              32.21156643900002
            ],
            [
              104.10140927100008,
              32.208406395000054
            ],
            [
              104.10272886600006,
              32.20503296700008
            ],
            [
              104.09815320900009,
              32.20126307900006
            ],
            [
              104.09730994200004,
              32.20019948100003
            ],
            [
              104.09717652600006,
              32.199376151000024
            ],
            [
              104.09661436800009,
              32.198667080000064
            ],
            [
              104.09620248300007,
              32.19725427700007
            ],
            [
              104.09550306000006,
              32.19607426300007
            ],
            [
              104.09523498200008,
              32.19454505300007
            ],
            [
              104.09454079400007,
              32.192895160000035
            ],
            [
              104.09328455900004,
              32.19053616500003
            ],
            [
              104.09288839300007,
              32.187713719000044
            ],
            [
              104.09150416600005,
              32.184061460000066
            ],
            [
              104.09082710100006,
              32.18088442300007
            ],
            [
              104.08945875900008,
              32.17582246600006
            ],
            [
              104.09079554100003,
              32.17089839800008
            ],
            [
              104.08949022400009,
              32.16786927100003
            ],
            [
              104.08833305300004,
              32.16433606600003
            ],
            [
              104.08922052100009,
              32.161382236000065
            ],
            [
              104.08959993800005,
              32.158001607000074
            ],
            [
              104.08794907800007,
              32.15277284700005
            ],
            [
              104.08460631300005,
              32.14477026700007
            ],
            [
              104.07756887200009,
              32.13743240000008
            ],
            [
              104.07738732400009,
              32.128266997000026
            ],
            [
              104.07216242600003,
              32.11819325100004
            ],
            [
              104.07234198400006,
              32.102333317000046
            ],
            [
              104.07295118800005,
              32.092515562000074
            ],
            [
              104.07299676800005,
              32.07590201900007
            ],
            [
              104.06646876100007,
              32.061916189000044
            ],
            [
              104.05774946300006,
              32.05315311500004
            ],
            [
              104.05045961800006,
              32.04393057200008
            ],
            [
              104.02776892100007,
              32.03599387300005
            ],
            [
              104.01763185500005,
              32.02745102800003
            ],
            [
              104.00863426000006,
              32.018916611000066
            ],
            [
              103.99969582900007,
              32.00568149800006
            ],
            [
              103.99333120700004,
              31.997226282000042
            ],
            [
              103.98846157800006,
              31.98866570200005
            ],
            [
              103.98819681100008,
              31.981318850000036
            ],
            [
              103.98791398400004,
              31.975440709000058
            ],
            [
              103.98877583100005,
              31.968925823000063
            ],
            [
              103.99239314300007,
              31.957850817000068
            ],
            [
              103.99087366100008,
              31.936978156000063
            ],
            [
              103.99239844800009,
              31.928470543000063
            ],
            [
              103.99425993400007,
              31.92143469400003
            ],
            [
              104.00001507100008,
              31.91531271200006
            ],
            [
              104.00362896400009,
              31.910054090000077
            ],
            [
              104.00266038000007,
              31.902112919000047
            ],
            [
              104.00166343500007,
              31.896522000000065
            ],
            [
              104.00244811200008,
              31.890358206000034
            ],
            [
              104.00252298700008,
              31.884188448000035
            ],
            [
              104.00550035400005,
              31.872753750000072
            ],
            [
              104.00596527200008,
              31.86364868800007
            ],
            [
              104.00896266100006,
              31.850450661000025
            ],
            [
              104.01087750300007,
              31.838712618000045
            ],
            [
              104.01592692000008,
              31.831701778000024
            ],
            [
              104.02095100000008,
              31.826747432000047
            ],
            [
              104.02036427500008,
              31.816457655000082
            ],
            [
              104.01944069900009,
              31.80469563500003
            ],
            [
              104.02312174000008,
              31.79326491200004
            ],
            [
              104.02893163600004,
              31.781557293000052
            ],
            [
              104.03369407300005,
              31.768371342000023
            ],
            [
              104.04426342500005,
              31.743182017000038
            ],
            [
              104.05092075100004,
              31.718841560000044
            ],
            [
              104.04988989500004,
              31.69767205100004
            ],
            [
              104.04673189000005,
              31.682951138000078
            ],
            [
              104.04617697500004,
              31.669720218000066
            ],
            [
              104.04613103400004,
              31.630861754000076
            ],
            [
              104.04775812600009,
              31.624760684000023
            ],
            [
              104.04891758100007,
              31.61624542900006
            ],
            [
              104.05397373900007,
              31.607173068000066
            ],
            [
              104.06393270000007,
              31.602254293000044
            ],
            [
              104.07529174300004,
              31.59852133800007
            ],
            [
              104.07622070700006,
              31.591355925000073
            ],
            [
              104.07206096900006,
              31.583915817000047
            ],
            [
              104.06620507900004,
              31.576462218000078
            ],
            [
              104.05660512300005,
              31.562628885000038
            ],
            [
              104.05203258300008,
              31.554478901000042
            ],
            [
              104.03687566900004,
              31.54483256500004
            ],
            [
              104.01964829400005,
              31.53128647100004
            ],
            [
              104.01427533200007,
              31.51960006300004
            ],
            [
              104.00174070800006,
              31.504325426000037
            ],
            [
              103.98966899300007,
              31.486230462000037
            ],
            [
              103.97588430300004,
              31.469643991000055
            ],
            [
              103.96531610400007,
              31.45638043800005
            ],
            [
              103.95584806000005,
              31.445712773000025
            ],
            [
              103.93908189900009,
              31.42511677000005
            ],
            [
              103.9317969720001,
              31.415120133000073
            ],
            [
              103.91853007100008,
              31.399817331000065
            ],
            [
              103.90338922500007,
              31.382700975000034
            ],
            [
              103.88825463900008,
              31.365582213000035
            ],
            [
              103.87566608000009,
              31.352537708000057
            ],
            [
              103.86308148500007,
              31.33949159100007
            ],
            [
              103.85021122200004,
              31.330517786000033
            ],
            [
              103.83734374600004,
              31.32154245500004
            ],
            [
              103.81293027500004,
              31.30662365300003
            ],
            [
              103.79752829800009,
              31.29612773400004
            ],
            [
              103.7900372160001,
              31.281543954000032
            ],
            [
              103.7751562810001,
              31.27799672200007
            ],
            [
              103.75927406900007,
              31.27076783800004
            ],
            [
              103.74339462600005,
              31.263536746000057
            ],
            [
              103.71672872700009,
              31.250340847000075
            ],
            [
              103.70051241300008,
              31.233449516000064
            ],
            [
              103.68320383300005,
              31.217936630000054
            ],
            [
              103.66661681400007,
              31.206005689000055
            ],
            [
              103.65751104100008,
              31.206310095000052
            ],
            [
              103.64940787800003,
              31.206580395000056
            ],
            [
              103.63594876500008,
              31.19883347800004
            ],
            [
              103.62249216500004,
              31.191084936000042
            ],
            [
              103.60075255700009,
              31.176709132000045
            ],
            [
              103.57902047900008,
              31.162329000000057
            ],
            [
              103.57013872900006,
              31.149585149000078
            ],
            [
              103.56125970500005,
              31.13684035700004
            ],
            [
              103.54186853400006,
              31.116027700000075
            ],
            [
              103.53861680200004,
              31.109912606000023
            ],
            [
              103.53861565000005,
              31.09946457200005
            ],
            [
              103.53674287800006,
              31.090826685000028
            ],
            [
              103.53446592700004,
              31.085996823000077
            ],
            [
              103.52914889100005,
              31.079333861000066
            ],
            [
              103.52002991700004,
              31.072400657000063
            ],
            [
              103.50525228400005,
              31.068684464000054
            ],
            [
              103.49471994300006,
              31.06346678500006
            ],
            [
              103.48825634300005,
              31.057170171000056
            ],
            [
              103.47224294200005,
              31.047501933000035
            ],
            [
              103.45738711500007,
              31.039258813000064
            ],
            [
              103.43997134500006,
              31.03281617000005
            ],
            [
              103.42554144700006,
              31.029094227000034
            ],
            [
              103.40262793800008,
              31.01946530400005
            ],
            [
              103.38128137600008,
              31.002077880000062
            ],
            [
              103.37360422400008,
              30.99064297900003
            ],
            [
              103.36351493700005,
              30.98594260400006
            ],
            [
              103.35469249900007,
              30.98347457800003
            ],
            [
              103.34239459500009,
              30.98330308000004
            ],
            [
              103.33325246800007,
              30.981806529000036
            ],
            [
              103.31991259300008,
              30.97662290600005
            ],
            [
              103.31498438000006,
              30.975746629000074
            ],
            [
              103.30392768900003,
              30.96352474900004
            ],
            [
              103.29356785500005,
              30.956617288000075
            ],
            [
              103.28250884500005,
              30.94557977700003
            ],
            [
              103.27425584600007,
              30.932016917000055
            ],
            [
              103.26317390800006,
              30.92370177400005
            ],
            [
              103.24709509400009,
              30.907571014000045
            ],
            [
              103.22638742900006,
              30.89172140300008
            ],
            [
              103.21987767000007,
              30.87851180700005
            ],
            [
              103.21261699900003,
              30.863920173000057
            ],
            [
              103.20864678300006,
              30.852909940000078
            ],
            [
              103.20632137600006,
              30.84369051700003
            ],
            [
              103.20670070500006,
              30.830782972000065
            ],
            [
              103.21015828200007,
              30.820585255000026
            ],
            [
              103.21499025900005,
              30.81202932800005
            ],
            [
              103.21558430500005,
              30.803913283000043
            ],
            [
              103.20238001000007,
              30.792408486000056
            ],
            [
              103.19179195100008,
              30.776702628000063
            ],
            [
              103.18240540300008,
              30.764782801000024
            ],
            [
              103.17270883700007,
              30.754740866000077
            ],
            [
              103.16297108600008,
              30.746675782000068
            ],
            [
              103.15660386700006,
              30.738238469000066
            ],
            [
              103.15674109400004,
              30.732022326000052
            ],
            [
              103.15015448900004,
              30.725983554000035
            ],
            [
              103.13848065000008,
              30.722125446000064
            ],
            [
              103.12867667100005,
              30.70725389100005
            ],
            [
              103.11960539100005,
              30.692632455000027
            ],
            [
              103.11358952700006,
              30.684178242000026
            ],
            [
              103.10456187400007,
              30.67567519900007
            ],
            [
              103.09697078300007,
              30.66644820500005
            ],
            [
              103.08827398500007,
              30.654233426000076
            ],
            [
              103.08338598100005,
              30.647793387000036
            ],
            [
              103.07268389600006,
              30.638784479000037
            ],
            [
              103.06918662200007,
              30.626712205000047
            ],
            [
              103.07231746300005,
              30.618282110000056
            ],
            [
              103.07581095100005,
              30.60558946100008
            ],
            [
              103.07978166000004,
              30.591157798000037
            ],
            [
              103.06479497200007,
              30.572564615000037
            ],
            [
              103.04701159700005,
              30.56712177900005
            ],
            [
              103.03420274800004,
              30.56319932400004
            ],
            [
              103.01443647700006,
              30.56441685800007
            ],
            [
              102.99466963300006,
              30.565631070000055
            ],
            [
              102.97819683400007,
              30.56582910300006
            ],
            [
              102.96172395700006,
              30.566024831000053
            ],
            [
              102.93260951900004,
              30.562506846000076
            ],
            [
              102.91872520800007,
              30.552814772000037
            ],
            [
              102.90215951800008,
              30.533511396000048
            ],
            [
              102.88766852800006,
              30.520221446000047
            ],
            [
              102.87669981900007,
              30.51189404800005
            ],
            [
              102.86606342600004,
              30.50120986200005
            ],
            [
              102.85542974500004,
              30.490524502000028
            ],
            [
              102.83962916300004,
              30.47893226100007
            ],
            [
              102.83323162700005,
              30.463777821000065
            ],
            [
              102.82017174000003,
              30.452939807000067
            ],
            [
              102.80129112900005,
              30.444577082000027
            ],
            [
              102.78565300400004,
              30.43438464700006
            ],
            [
              102.76582623100006,
              30.424463842000083
            ],
            [
              102.73447268700005,
              30.42315643500007
            ],
            [
              102.71748616000009,
              30.416817359000053
            ],
            [
              102.70949733900005,
              30.402873179000036
            ],
            [
              102.70400806400006,
              30.381391026000077
            ],
            [
              102.69450396200006,
              30.37016605900004
            ],
            [
              102.68108959000006,
              30.35574203300007
            ],
            [
              102.65576621000008,
              30.341751558000055
            ],
            [
              102.63873514200009,
              30.328866857000037
            ],
            [
              102.61627847900007,
              30.322136271000034
            ],
            [
              102.60894913000004,
              30.318129080000062
            ],
            [
              102.60012778100008,
              30.315208786000028
            ],
            [
              102.59406517200006,
              30.304781192000064
            ],
            [
              102.58918501500006,
              30.29679128900006
            ],
            [
              102.57908195800007,
              30.29260623700003
            ],
            [
              102.56309630800007,
              30.283910500000047
            ],
            [
              102.54843447300004,
              30.268205557000048
            ],
            [
              102.53429621600009,
              30.258440731000064
            ],
            [
              102.52016124500005,
              30.24867401800003
            ],
            [
              102.50333874700004,
              30.241687882000065
            ],
            [
              102.49515965400009,
              30.231707942000074
            ],
            [
              102.46958833500008,
              30.221199748000064
            ],
            [
              102.45912341700006,
              30.21343339500004
            ],
            [
              102.44385873200008,
              30.204764805000025
            ],
            [
              102.43590730500006,
              30.20011347200006
            ],
            [
              102.42875151300007,
              30.18664715400007
            ],
            [
              102.42639766900004,
              30.174082202000076
            ],
            [
              102.40756876700004,
              30.15867442100006
            ],
            [
              102.40202175800005,
              30.150629465000065
            ],
            [
              102.39471603800007,
              30.13892280400006
            ],
            [
              102.38496112200005,
              30.131193694000046
            ],
            [
              102.37099824900008,
              30.119349694000054
            ],
            [
              102.36732238100008,
              30.110534050000073
            ],
            [
              102.36972126000006,
              30.09945831600004
            ],
            [
              102.36088086800004,
              30.08173536800007
            ],
            [
              102.35215106600003,
              30.06283565900003
            ],
            [
              102.34912255300009,
              30.042534530000072
            ],
            [
              102.34603913100005,
              30.030506816000067
            ],
            [
              102.34344502000005,
              30.01782578100006
            ],
            [
              102.34072718000006,
              30.004732325000077
            ],
            [
              102.34924780600005,
              29.98755206200008
            ],
            [
              102.35036918900005,
              29.975207578000038
            ],
            [
              102.35643721400004,
              29.96200460800003
            ],
            [
              102.34835870700005,
              29.943733369000032
            ],
            [
              102.33831712300008,
              29.924148759000047
            ],
            [
              102.32897117200008,
              29.90460803700006
            ],
            [
              102.31659845100006,
              29.887823120000068
            ],
            [
              102.29657939800006,
              29.871121691000045
            ],
            [
              102.28000040100005,
              29.864611630000066
            ],
            [
              102.26342395700004,
              29.85809912700006
            ],
            [
              102.24616854000004,
              29.858370364000056
            ],
            [
              102.22860969100009,
              29.861931394000067
            ],
            [
              102.2134269570001,
              29.866831923000067
            ],
            [
              102.19824246300004,
              29.871730427000045
            ],
            [
              102.18148472700005,
              29.868876028000045
            ],
            [
              102.16663696100005,
              29.84689137100003
            ],
            [
              102.16166738800007,
              29.827994053000054
            ],
            [
              102.15670003300005,
              29.80909580100007
            ],
            [
              102.14845743000006,
              29.78781843300004
            ],
            [
              102.14021897200007,
              29.766539562000048
            ],
            [
              102.12943347400005,
              29.748132104000035
            ],
            [
              102.11865266400008,
              29.72972295600005
            ],
            [
              102.10527172800005,
              29.708368923000023
            ],
            [
              102.08902351300009,
              29.688205509000056
            ],
            [
              102.09279571500008,
              29.670116146000055
            ],
            [
              102.10114606500008,
              29.657699517000026
            ],
            [
              102.10838775400003,
              29.643659178000064
            ],
            [
              102.11768490600008,
              29.62623721900008
            ],
            [
              102.11193325400006,
              29.614572430000067
            ],
            [
              102.11978828400005,
              29.59724138100006
            ],
            [
              102.13758855300007,
              29.576093500000074
            ],
            [
              102.13960879800004,
              29.554328903000055
            ],
            [
              102.14421578000008,
              29.534514718000022
            ],
            [
              102.14065308000005,
              29.51090884100006
            ],
            [
              102.14877392700004,
              29.49279209300005
            ],
            [
              102.15241583200009,
              29.475870144000055
            ],
            [
              102.16144563800003,
              29.460496755000065
            ],
            [
              102.16473414100005,
              29.440314205000053
            ],
            [
              102.16451952200003,
              29.42814476500007
            ],
            [
              102.16759893400007,
              29.415181615000055
            ],
            [
              102.17538739900004,
              29.396512669000064
            ],
            [
              102.18670362700004,
              29.384466890000056
            ],
            [
              102.19301803700006,
              29.366855964000024
            ],
            [
              102.19610333500003,
              29.353512694000074
            ],
            [
              102.20169466000004,
              29.331370421000027
            ],
            [
              102.20514033900008,
              29.311581620000027
            ],
            [
              102.20444130700008,
              29.29445469800004
            ],
            [
              102.20196468400007,
              29.282675892000043
            ],
            [
              102.19882241400008,
              29.271069615000044
            ],
            [
              102.20364785800007,
              29.26494864400007
            ],
            [
              102.21303104600008,
              29.26082762500005
            ],
            [
              102.22257176800008,
              29.25859987900003
            ],
            [
              102.22796876600006,
              29.255137904000037
            ],
            [
              102.23065608200005,
              29.248350758000072
            ],
            [
              102.23366724900006,
              29.240744210000056
            ],
            [
              102.23911489300009,
              29.221654584000074
            ],
            [
              102.23908698500009,
              29.210980618000065
            ],
            [
              102.24506653100008,
              29.202994379000078
            ],
            [
              102.25702929200008,
              29.188550494000026
            ],
            [
              102.25772164000007,
              29.182090851000055
            ],
            [
              102.26096415600006,
              29.17388019200007
            ],
            [
              102.25935519400008,
              29.166845449000053
            ],
            [
              102.26167991300008,
              29.14513933200004
            ],
            [
              102.25989953000004,
              29.131692911000073
            ],
            [
              102.26242202600008,
              29.114735625000034
            ],
            [
              102.27324947200003,
              29.09846530500005
            ],
            [
              102.27548131000003,
              29.08143330300004
            ],
            [
              102.27740137900008,
              29.06023220200007
            ],
            [
              102.27849881000009,
              29.04430775800006
            ],
            [
              102.27959583400008,
              29.028382745000048
            ],
            [
              102.28090114700007,
              29.013952595000035
            ],
            [
              102.27746429600006,
              29.001439059000063
            ],
            [
              102.27457406500008,
              28.99569679900003
            ],
            [
              102.25394390800005,
              28.97747270900004
            ],
            [
              102.24580752900005,
              28.972713166000062
            ],
            [
              102.23440255700008,
              28.96182876600005
            ],
            [
              102.22030067200006,
              28.950140090000048
            ],
            [
              102.20867360600005,
              28.917355792000023
            ],
            [
              102.20963727200007,
              28.904610124000044
            ],
            [
              102.21175752700003,
              28.890000342000068
            ],
            [
              102.21710103200007,
              28.877359955000035
            ],
            [
              102.21366766900007,
              28.864979626000032
            ],
            [
              102.20956476100008,
              28.856366475000073
            ],
            [
              102.20867002300008,
              28.850195902000053
            ],
            [
              102.21160695100008,
              28.844118243000025
            ],
            [
              102.20597117400007,
              28.832156263000062
            ],
            [
              102.20255665200006,
              28.81930169300006
            ],
            [
              102.20084623500009,
              28.804595992000035
            ],
            [
              102.19696677200005,
              28.79061266500003
            ],
            [
              102.19193544200006,
              28.782091340000083
            ],
            [
              102.18664410000008,
              28.77652153200006
            ],
            [
              102.18107999800009,
              28.77094469900004
            ],
            [
              102.15217922900007,
              28.726469054000063
            ],
            [
              102.14164289400009,
              28.706098458000046
            ],
            [
              102.13766510900008,
              28.694170221000036
            ],
            [
              102.13392506300005,
              28.675149641000072
            ],
            [
              102.12616169300009,
              28.653897830000062
            ],
            [
              102.12424208200008,
              28.63776010400005
            ],
            [
              102.12420232200009,
              28.622615419000056
            ],
            [
              102.11237639800004,
              28.600547965000032
            ],
            [
              102.10113596900005,
              28.585592275000067
            ],
            [
              102.09329408000008,
              28.575217601000077
            ],
            [
              102.0878130870001,
              28.567742054000064
            ],
            [
              102.08100368800007,
              28.553984327000023
            ],
            [
              102.06808129800004,
              28.545390144000066
            ],
            [
              102.05142578800007,
              28.520920062000073
            ],
            [
              102.03691154400008,
              28.513403581000034
            ],
            [
              102.02537750300007,
              28.502697633000025
            ],
            [
              102.00518384200006,
              28.485279544000036
            ],
            [
              101.99290782500003,
              28.473595256000067
            ],
            [
              101.97930961300005,
              28.464714984000068
            ],
            [
              101.97106397700009,
              28.454909503000067
            ],
            [
              101.97325931900008,
              28.438988274000053
            ],
            [
              101.98216356800005,
              28.418272151000057
            ],
            [
              101.99714386100004,
              28.400537233000023
            ],
            [
              102.00665780500003,
              28.386366076000062
            ],
            [
              102.02287630900008,
              28.36613407300007
            ],
            [
              102.02535709300008,
              28.346719445000076
            ],
            [
              102.02481955300004,
              28.337777773000028
            ],
            [
              102.01751013400008,
              28.313520640000036
            ],
            [
              102.01232605800004,
              28.299502990000065
            ],
            [
              102.00714366500006,
              28.285484637000025
            ],
            [
              102.00577244900006,
              28.27084264000007
            ],
            [
              101.99845430800008,
              28.257612788000074
            ],
            [
              101.99372957800006,
              28.249180339000077
            ],
            [
              101.99452528300009,
              28.237693156000034
            ],
            [
              101.99380692600005,
              28.223391982000066
            ],
            [
              101.99308880600006,
              28.209090315000026
            ],
            [
              101.98571245600006,
              28.203688890000024
            ],
            [
              101.97802863900006,
              28.19016130500006
            ],
            [
              101.97455296500004,
              28.18266661000007
            ],
            [
              101.96404330400009,
              28.172319388000066
            ],
            [
              101.95391719600008,
              28.160796665000078
            ],
            [
              101.94833178600004,
              28.145325872000058
            ],
            [
              101.93991587900007,
              28.133947844000033
            ],
            [
              101.93401134300007,
              28.114228006000076
            ],
            [
              101.93021870800004,
              28.09067416900007
            ],
            [
              101.92720132700003,
              28.070500483000046
            ],
            [
              101.92418535100006,
              28.050325730000054
            ],
            [
              101.91322688100007,
              28.033623728000066
            ],
            [
              101.90227263100007,
              28.01691998900003
            ],
            [
              101.88320311500007,
              28.005575115000056
            ],
            [
              101.87193527300008,
              27.99916917300004
            ],
            [
              101.85728854700005,
              27.99482622000005
            ],
            [
              101.84264328800003,
              27.990481333000048
            ],
            [
              101.82288240900004,
              27.983709761000057
            ],
            [
              101.81689973400006,
              27.97276045900003
            ],
            [
              101.81619065300004,
              27.950520078000068
            ],
            [
              101.81950967700004,
              27.92468770200003
            ],
            [
              101.81747847200008,
              27.896925745000033
            ],
            [
              101.81632608500007,
              27.890520955000056
            ],
            [
              101.81911368600004,
              27.86615314100004
            ],
            [
              101.83141700400006,
              27.85001175600007
            ],
            [
              101.83393309500008,
              27.837710712000046
            ],
            [
              101.84874968700007,
              27.824513142000058
            ],
            [
              101.85957286200005,
              27.81043167300004
            ],
            [
              101.86388426300005,
              27.800636229000077
            ],
            [
              101.87486783800006,
              27.784780961000024
            ],
            [
              101.88158413200006,
              27.77099583000006
            ],
            [
              101.88829829800005,
              27.757209826000064
            ],
            [
              101.89392667700008,
              27.73323802300007
            ],
            [
              101.90635300900004,
              27.716292451000072
            ],
            [
              101.90453675100008,
              27.694141004000073
            ],
            [
              101.89481163900007,
              27.68260870100005
            ],
            [
              101.89276673700004,
              27.664170881000075
            ],
            [
              101.89415964200003,
              27.64404766000007
            ],
            [
              101.89142009000005,
              27.62618193000003
            ],
            [
              101.89038798400009,
              27.617258020000065
            ],
            [
              101.88632248200008,
              27.598761335000063
            ],
            [
              101.88354361600005,
              27.582078392000028
            ],
            [
              101.88910853500005,
              27.55850735200005
            ],
            [
              101.88892045600006,
              27.54485995300007
            ],
            [
              101.88673207200009,
              27.53056374200003
            ],
            [
              101.88848110700008,
              27.51934155300006
            ],
            [
              101.89493727200005,
              27.50434399200003
            ],
            [
              101.88197652100007,
              27.483778147000066
            ],
            [
              101.86304429900008,
              27.469322281000075
            ],
            [
              101.85374616900003,
              27.460320016000026
            ],
            [
              101.84573314200009,
              27.448434791000068
            ],
            [
              101.83772229400006,
              27.436548634000076
            ],
            [
              101.82679800600005,
              27.41611896600006
            ],
            [
              101.81839589800006,
              27.397655651000036
            ],
            [
              101.81195397800009,
              27.37992851300004
            ],
            [
              101.80193529500008,
              27.35717784700006
            ],
            [
              101.79606107800004,
              27.344250422000073
            ],
            [
              101.79018859700005,
              27.331322258000057
            ],
            [
              101.78088337500009,
              27.319034887000043
            ],
            [
              101.77158076500007,
              27.30674635400004
            ],
            [
              101.76659455900005,
              27.30312871800004
            ],
            [
              101.76037979600005,
              27.296539585000062
            ],
            [
              101.75575228600007,
              27.29070804400004
            ],
            [
              101.74522142300003,
              27.284468082000046
            ],
            [
              101.73362593700007,
              27.27795863600005
            ],
            [
              101.72050210300006,
              27.276389479000045
            ],
            [
              101.71117656600006,
              27.27398017200005
            ],
            [
              101.70226312700004,
              27.26778306500006
            ],
            [
              101.69455120000003,
              27.265419601000076
            ],
            [
              101.68172558900005,
              27.263142216000062
            ],
            [
              101.67092760300005,
              27.25979847900004
            ],
            [
              101.65788403600004,
              27.25370384000007
            ],
            [
              101.64650822600004,
              27.24571250100007
            ],
            [
              101.63529512200006,
              27.243090659000075
            ],
            [
              101.61961748100003,
              27.241325024000048
            ],
            [
              101.60394047100004,
              27.239557194000042
            ],
            [
              101.57409814100004,
              27.234341992000054
            ],
            [
              101.55525515800008,
              27.226969918000066
            ],
            [
              101.53419577900007,
              27.214662873000066
            ],
            [
              101.52222438800004,
              27.206016401000056
            ],
            [
              101.50494010600005,
              27.20351686300006
            ],
            [
              101.49501747700003,
              27.201573362000033
            ],
            [
              101.48253338900008,
              27.19691688000006
            ],
            [
              101.46897526100008,
              27.193166342000044
            ],
            [
              101.45258733000009,
              27.18047800200003
            ],
            [
              101.42711739500004,
              27.165741041000047
            ],
            [
              101.41057351100005,
              27.162099467000075
            ],
            [
              101.39860427800005,
              27.153712002000077
            ],
            [
              101.38453224400007,
              27.146077881000053
            ],
            [
              101.37046265700008,
              27.13844184100003
            ],
            [
              101.36483905500006,
              27.132316740000082
            ],
            [
              101.36015979800005,
              27.127219257000036
            ],
            [
              101.35589288000007,
              27.11353957500006
            ],
            [
              101.34713109800003,
              27.111116483000046
            ],
            [
              101.33479424600006,
              27.11071408000004
            ],
            [
              101.31819593800009,
              27.11861413400004
            ],
            [
              101.30100468700005,
              27.11876913900005
            ],
            [
              101.29243295400006,
              27.116911180000045
            ],
            [
              101.27672432400004,
              27.105559390000053
            ],
            [
              101.26781965000004,
              27.093544145000067
            ],
            [
              101.26194355900009,
              27.07818894800005
            ],
            [
              101.24460573900006,
              27.069406995000065
            ],
            [
              101.22671083700004,
              27.064172738000025
            ],
            [
              101.21200362400003,
              27.059756096000058
            ],
            [
              101.19771530500009,
              27.05499520400008
            ],
            [
              101.18270760900003,
              27.049731682000072
            ],
            [
              101.17043260700007,
              27.04418632100004
            ],
            [
              101.14491689500005,
              27.030248693000036
            ],
            [
              101.13955482800009,
              27.01671131300003
            ],
            [
              101.12000342400006,
              27.007113098000048
            ],
            [
              101.10045628800003,
              26.997511226000032
            ],
            [
              101.08218479900006,
              26.985324662000043
            ],
            [
              101.07404619900007,
              26.972752136000054
            ],
            [
              101.06400477300008,
              26.966526613000042
            ],
            [
              101.04796644000004,
              26.967553558000077
            ],
            [
              101.03247077300006,
              26.966376009000044
            ],
            [
              101.01697552000007,
              26.965196312000046
            ],
            [
              100.99832804900007,
              26.966675981000037
            ],
            [
              100.97967995100004,
              26.968152539000073
            ],
            [
              100.96299997000006,
              26.97095114600006
            ],
            [
              100.95366804300005,
              26.975605822000034
            ],
            [
              100.94606197700006,
              26.977707594000037
            ],
            [
              100.9241765660001,
              26.98452395700008
            ],
            [
              100.90456988400007,
              26.998430736000046
            ],
            [
              100.88440398600005,
              27.01765406300007
            ],
            [
              100.86606694600005,
              27.02569585300006
            ],
            [
              100.84388754700007,
              27.025371706000044
            ],
            [
              100.82170831100007,
              27.025043170000064
            ],
            [
              100.79744653300008,
              27.024555730000035
            ],
            [
              100.78133321000007,
              27.02033734400004
            ],
            [
              100.76940141000006,
              27.022929689000023
            ],
            [
              100.75554036000005,
              27.03330326400004
            ],
            [
              100.73816801600003,
              27.038423702000046
            ],
            [
              100.72019914200007,
              27.039616554000077
            ],
            [
              100.70222978200007,
              27.040806522000025
            ],
            [
              100.67537760500005,
              27.042147451000062
            ],
            [
              100.64852461100008,
              27.043481944000067
            ],
            [
              100.62026108000003,
              27.047432029000053
            ],
            [
              100.60250622300003,
              27.042695588000072
            ],
            [
              100.59184515800007,
              27.04023298100003
            ],
            [
              100.58417244000003,
              27.043353573000047
            ],
            [
              100.56865987500004,
              27.04929469700005
            ],
            [
              100.55345037800004,
              27.056060655000067
            ],
            [
              100.53823854000007,
              27.06282442700007
            ],
            [
              100.51537949800007,
              27.068639701000052
            ],
            [
              100.50620588900006,
              27.06877643000007
            ],
            [
              100.50224791700003,
              27.071699255000055
            ],
            [
              100.49967764400009,
              27.07619007900007
            ],
            [
              100.49279620300007,
              27.088210632000028
            ],
            [
              100.49089775100003,
              27.103337011000065
            ],
            [
              100.49127807300005,
              27.11685116800004
            ],
            [
              100.48489599800007,
              27.13412014100004
            ],
            [
              100.48288136400004,
              27.14322456900004
            ],
            [
              100.48098866900006,
              27.149707065000033
            ],
            [
              100.47803520600007,
              27.159099428000047
            ],
            [
              100.47594112900003,
              27.16575743200008
            ],
            [
              100.45025835800004,
              27.171135124000045
            ],
            [
              100.42454000100008,
              27.17240122800007
            ],
            [
              100.40916990300008,
              27.17108582300006
            ],
            [
              100.39969352600008,
              27.16618743600003
            ],
            [
              100.38169598700006,
              27.156982520000042
            ],
            [
              100.36033343600008,
              27.16382460800003
            ],
            [
              100.34330628400005,
              27.164901692000058
            ],
            [
              100.32649555300009,
              27.16821308300007
            ],
            [
              100.31429620100005,
              27.166961815000036
            ],
            [
              100.29981066400006,
              27.16041470600004
            ],
            [
              100.28320118900007,
              27.151279743000032
            ],
            [
              100.26982972200005,
              27.144154969000056
            ],
            [
              100.25597062400006,
              27.12693155000005
            ],
            [
              100.25088995200008,
              27.118397925000068
            ],
            [
              100.24968962400006,
              27.109225391000052
            ],
            [
              100.25025728400004,
              27.099059321000027
            ],
            [
              100.2584793490001,
              27.085738587000037
            ],
            [
              100.26055256400008,
              27.079113447000054
            ],
            [
              100.25726330500004,
              27.069525562000024
            ],
            [
              100.25240744800004,
              27.062783112000034
            ],
            [
              100.23643019500008,
              27.05136791700005
            ],
            [
              100.22712515700005,
              27.038147348000052
            ],
            [
              100.21181359500008,
              27.031321000000048
            ],
            [
              100.20199147800008,
              27.025768105000054
            ],
            [
              100.19656497600005,
              27.018662937000045
            ],
            [
              100.18802343700008,
              27.007475979000052
            ],
            [
              100.16957382500004,
              27.003508777000036
            ],
            [
              100.16232705800007,
              27.003810792000024
            ],
            [
              100.15634778700007,
              27.001602456000057
            ],
            [
              100.15183117200007,
              26.996652273000052
            ],
            [
              100.14572145500006,
              26.985655658000045
            ],
            [
              100.14309667200007,
              26.978296981000028
            ],
            [
              100.14019072800005,
              26.975181277000047
            ],
            [
              100.13444958700008,
              26.97393860300008
            ],
            [
              100.12545278500005,
              26.974318330000074
            ],
            [
              100.11158789300003,
              26.96831760500004
            ],
            [
              100.10318585400006,
              26.949370608000038
            ],
            [
              100.09446254100004,
              26.94069634400006
            ],
            [
              100.08704651100004,
              26.93836490800004
            ],
            [
              100.07559682200008,
              26.940438226000026
            ],
            [
              100.06383744700008,
              26.943534698000065
            ],
            [
              100.04265984400007,
              26.946213016000062
            ],
            [
              100.03195871100007,
              26.941933309000035
            ],
            [
              100.02510068000004,
              26.934208609000052
            ],
            [
              100.01132094700006,
              26.91048574300004
            ],
            [
              99.99793720900004,
              26.902562316000058
            ],
            [
              99.98456909100008,
              26.890641797000058
            ],
            [
              99.97274310800003,
              26.887446602000068
            ],
            [
              99.94563241400006,
              26.877851232000072
            ],
            [
              99.92727327200004,
              26.869030331000037
            ],
            [
              99.91870229300008,
              26.852998081000067
            ],
            [
              99.91364786400004,
              26.848806130000074
            ],
            [
              99.90337246500007,
              26.84631127600005
            ],
            [
              99.89561539300007,
              26.84249033400005
            ],
            [
              99.88472677400006,
              26.83034897300007
            ],
            [
              99.87124110000008,
              26.823342324000066
            ],
            [
              99.86572370200008,
              26.816550121000034
            ],
            [
              99.86041039300005,
              26.81163261100005
            ],
            [
              99.84935491300007,
              26.806964675000074
            ],
            [
              99.84037297700007,
              26.80317103700003
            ],
            [
              99.83274897100006,
              26.794484273000023
            ],
            [
              99.82657766300008,
              26.78670333200006
            ],
            [
              99.82512263300003,
              26.77970092000004
            ],
            [
              99.82900510600007,
              26.766433534000043
            ],
            [
              99.82899521300006,
              26.752577449000057
            ],
            [
              99.8248027640001,
              26.73739908100004
            ],
            [
              99.82334490700003,
              26.73197471000003
            ],
            [
              99.82810974700006,
              26.72299802300006
            ],
            [
              99.83115353800008,
              26.704573974000027
            ],
            [
              99.83297255200006,
              26.697559902000023
            ],
            [
              99.83647046200008,
              26.690211542000043
            ],
            [
              99.83635935700005,
              26.683420452000068
            ],
            [
              99.83293208000003,
              26.67828516900005
            ],
            [
              99.82564384900007,
              26.669652756000062
            ],
            [
              99.82266285600008,
              26.665593295000065
            ],
            [
              99.82226925800006,
              26.660749098000053
            ],
            [
              99.81945377500006,
              26.64810070900006
            ],
            [
              99.81608708800007,
              26.63331461200005
            ],
            [
              99.81442099100008,
              26.62058090000005
            ],
            [
              99.81169638000006,
              26.61003353500007
            ],
            [
              99.80454046200003,
              26.602158116000055
            ],
            [
              99.79779487300004,
              26.59596042000004
            ],
            [
              99.78770123400005,
              26.594884896000053
            ],
            [
              99.77806090900003,
              26.59760073700005
            ],
            [
              99.76343328300004,
              26.594108387000063
            ],
            [
              99.74540456400008,
              26.593269041000042
            ],
            [
              99.72371772000008,
              26.59402876000007
            ],
            [
              99.71229857700007,
              26.590629931000024
            ],
            [
              99.69568114200007,
              26.591505848000054
            ],
            [
              99.67936093900005,
              26.589655526000058
            ],
            [
              99.66805585800006,
              26.59768561100003
            ],
            [
              99.65520261100006,
              26.59814058600006
            ],
            [
              99.63460465200006,
              26.600720961000036
            ],
            [
              99.62085528100005,
              26.59612895500004
            ],
            [
              99.59800956500004,
              26.576450816000033
            ],
            [
              99.56320738800008,
              26.54939616400003
            ],
            [
              99.54373872900004,
              26.533797539000034
            ],
            [
              99.53495020500009,
              26.526936108000033
            ],
            [
              99.53436843500003,
              26.51690522000007
            ],
            [
              99.53494043000006,
              26.507645247000028
            ],
            [
              99.53790733200003,
              26.498502749000068
            ],
            [
              99.54328651000009,
              26.482690519000073
            ],
            [
              99.54626958000006,
              26.466759840000066
            ],
            [
              99.54633132200007,
              26.459259974000076
            ],
            [
              99.55055367300008,
              26.442674450000027
            ],
            [
              99.55842974600006,
              26.42519523800007
            ],
            [
              99.56593031000006,
              26.407275593000065
            ],
            [
              99.58629731100007,
              26.386384399000065
            ],
            [
              99.59011516800007,
              26.367762082000073
            ],
            [
              99.59700037700009,
              26.358155560000057
            ],
            [
              99.60237024900005,
              26.35066137900003
            ],
            [
              99.60783481200009,
              26.343033320000078
            ],
            [
              99.60862762500005,
              26.336602674000062
            ],
            [
              99.61280791600007,
              26.33091582800006
            ],
            [
              99.61578023500005,
              26.32496335600007
            ],
            [
              99.61946454700006,
              26.321908175000033
            ],
            [
              99.62624111800005,
              26.31628783000008
            ],
            [
              99.62769293900004,
              26.30110830200005
            ],
            [
              99.61827979400005,
              26.289452078000068
            ],
            [
              99.60603240300009,
              26.285043950000045
            ],
            [
              99.58354346200008,
              26.287045008000064
            ],
            [
              99.55844561000004,
              26.292487992000076
            ],
            [
              99.52878703700009,
              26.298415240000054
            ],
            [
              99.50242858400009,
              26.30259197800007
            ],
            [
              99.48112796000004,
              26.302486719000058
            ],
            [
              99.45951589900005,
              26.307366192000075
            ],
            [
              99.44916028700004,
              26.306848133000074
            ],
            [
              99.43681208100008,
              26.308373869000036
            ],
            [
              99.42328510100003,
              26.30745588700006
            ],
            [
              99.41735389400009,
              26.308587191000072
            ],
            [
              99.41013978500007,
              26.30893857600006
            ],
            [
              99.40487008000008,
              26.312247341000045
            ],
            [
              99.38783083100009,
              26.312100973000042
            ],
            [
              99.37043542500004,
              26.30449192300006
            ],
            [
              99.35828879100006,
              26.296530520000033
            ],
            [
              99.35109201500006,
              26.294525462000024
            ],
            [
              99.34253983100007,
              26.292897593000077
            ],
            [
              99.33744313200003,
              26.29096303400007
            ],
            [
              99.33509237300007,
              26.287005754000063
            ],
            [
              99.33317732500007,
              26.280502573000035
            ],
            [
              99.33089286500007,
              26.274576179000064
            ],
            [
              99.32753267600003,
              26.27246766000008
            ],
            [
              99.31983578600006,
              26.273116083000048
            ],
            [
              99.30580355300005,
              26.27492310100007
            ],
            [
              99.29808907500006,
              26.272381101000065
            ],
            [
              99.27954037800004,
              26.261766678000072
            ],
            [
              99.26845023500005,
              26.25847496800003
            ],
            [
              99.25431310200008,
              26.263179508000064
            ],
            [
              99.24686123900005,
              26.268833732000076
            ],
            [
              99.23231673800007,
              26.27155036100004
            ],
            [
              99.20688916600005,
              26.26702249500005
            ],
            [
              99.18758654400006,
              26.260999396000045
            ],
            [
              99.18243339400004,
              26.260203078000075
            ],
            [
              99.17858463600004,
              26.259608160000028
            ],
            [
              99.17559089000008,
              26.254094817000066
            ],
            [
              99.17148520800004,
              26.249886139000072
            ],
            [
              99.16041881700005,
              26.243397053000024
            ],
            [
              99.14922192100005,
              26.237435154000025
            ],
            [
              99.14358223300007,
              26.235257770000032
            ],
            [
              99.12827557400004,
              26.23284605500004
            ],
            [
              99.11547252200006,
              26.23323916000004
            ],
            [
              99.10276400500004,
              26.232205415000067
            ],
            [
              99.09378377400009,
              26.22314409200004
            ],
            [
              99.08838549500008,
              26.214273065000043
            ],
            [
              99.08336231300007,
              26.20577918200007
            ],
            [
              99.08232300400005,
              26.191417927000032
            ],
            [
              99.07876183700006,
              26.172986778000052
            ],
            [
              99.07389079800004,
              26.156272732000048
            ],
            [
              99.06941239800005,
              26.145659571000067
            ],
            [
              99.06736722100004,
              26.134461013000077
            ],
            [
              99.06603594500007,
              26.112568516000067
            ],
            [
              99.05000776900005,
              26.089884195000025
            ],
            [
              99.03680711900006,
              26.080305465000038
            ],
            [
              99.02088348100006,
              26.076724580000075
            ],
            [
              99.00579389100005,
              26.073541100000057
            ],
            [
              98.99919381800004,
              26.066566075000026
            ],
            [
              98.99509968900009,
              26.06071472300005
            ],
            [
              98.99650681200006,
              26.053483409000023
            ],
            [
              99.00211486500007,
              26.03792304700005
            ],
            [
              99.00082829200005,
              26.02954008000006
            ],
            [
              98.99049586100006,
              26.02146159800003
            ],
            [
              98.98044250400005,
              26.020524635000072
            ],
            [
              98.96801909200008,
              26.023551723000026
            ],
            [
              98.95903650900004,
              26.02872641500005
            ],
            [
              98.9423159280001,
              26.030494040000065
            ],
            [
              98.91345138100007,
              26.025327893000053
            ],
            [
              98.90126928200004,
              26.018989384000065
            ],
            [
              98.88692120000007,
              26.015213429000028
            ],
            [
              98.86583769200007,
              26.012850757000024
            ],
            [
              98.84103966500004,
              26.021013227000026
            ],
            [
              98.82863963400007,
              26.027478169000062
            ],
            [
              98.81180318800006,
              26.02851682900007
            ],
            [
              98.79389058000004,
              26.02669452600003
            ],
            [
              98.77487682900005,
              26.02092252600005
            ],
            [
              98.75500172900007,
              26.009389737000053
            ],
            [
              98.74069944600006,
              26.00421149300007
            ],
            [
              98.72639882300007,
              25.999031321000075
            ],
            [
              98.69849091100008,
              25.99164587100006
            ],
            [
              98.67763423000008,
              25.99322091600004
            ],
            [
              98.66644084700005,
              26.000603888000057
            ],
            [
              98.65942466400008,
              26.007955091000042
            ],
            [
              98.64646414900005,
              26.02582177800008
            ],
            [
              98.63363437200007,
              26.041785056000037
            ],
            [
              98.62653919500008,
              26.06666670100003
            ],
            [
              98.61414329300004,
              26.076448372000073
            ],
            [
              98.57498254600006,
              26.081334949000052
            ],
            [
              98.54926040400005,
              26.084130379000044
            ],
            [
              98.52872742500006,
              26.088655522000067
            ],
            [
              98.51087439700007,
              26.092857191000064
            ],
            [
              98.49117982300004,
              26.093130151000025
            ],
            [
              98.47673806100005,
              26.087029294000047
            ],
            [
              98.46572484800005,
              26.08494680000007
            ],
            [
              98.45721937500008,
              26.084920539000056
            ],
            [
              98.44825447600005,
              26.08391196900004
            ],
            [
              98.43441134200003,
              26.084163733000025
            ],
            [
              98.42693474500004,
              26.086403381000025
            ],
            [
              98.42002071600007,
              26.09001818100006
            ],
            [
              98.41139744700007,
              26.094074917000057
            ],
            [
              98.40481262400004,
              26.10014658600005
            ],
            [
              98.39620939600007,
              26.113053652000076
            ],
            [
              98.39327499700005,
              26.121228833000036
            ],
            [
              98.39358419300004,
              26.13049237200005
            ],
            [
              98.39614478300007,
              26.140784824000036
            ],
            [
              98.39781185800008,
              26.149681601000054
            ],
            [
              98.39739285800005,
              26.155322458000057
            ],
            [
              98.40240801500005,
              26.168313530000034
            ],
            [
              98.40708735800007,
              26.17483608300006
            ],
            [
              98.40951680500008,
              26.17796269100006
            ],
            [
              98.41818820500004,
              26.193387624000025
            ],
            [
              98.42596660600003,
              26.205180145000043
            ],
            [
              98.43014892000008,
              26.22287005800007
            ],
            [
              98.43407287000008,
              26.22832027800007
            ],
            [
              98.44258485800003,
              26.23673873200005
            ],
            [
              98.44489702600004,
              26.244017086000042
            ],
            [
              98.43936563800008,
              26.25129137600004
            ],
            [
              98.42613409900008,
              26.265859170000056
            ],
            [
              98.42724775100004,
              26.28679181600006
            ],
            [
              98.42212248900006,
              26.29751660400007
            ],
            [
              98.42004291600007,
              26.30774045900006
            ],
            [
              98.42701784100007,
              26.327106309000044
            ],
            [
              98.42736804300007,
              26.340796486000045
            ],
            [
              98.42820248500004,
              26.355945500000075
            ],
            [
              98.43160659800009,
              26.367374818000034
            ],
            [
              98.42908797900009,
              26.376613027000076
            ],
            [
              98.42684579700006,
              26.386612356000057
            ],
            [
              98.42712409400008,
              26.39993008000005
            ],
            [
              98.42420827200006,
              26.41399419000004
            ],
            [
              98.42238273200009,
              26.432003402000078
            ],
            [
              98.42911274700003,
              26.44611728700005
            ],
            [
              98.44365901500004,
              26.462003964000075
            ],
            [
              98.45911852900008,
              26.483250090000073
            ],
            [
              98.46869090500007,
              26.505571925000027
            ],
            [
              98.47057739100006,
              26.521927961000074
            ],
            [
              98.47246457400007,
              26.538283223000064
            ],
            [
              98.47961774500004,
              26.560570866000035
            ],
            [
              98.47422740000007,
              26.572919730000024
            ],
            [
              98.47160694300004,
              26.59138499200003
            ],
            [
              98.46903153300008,
              26.59909629300006
            ],
            [
              98.46475722900004,
              26.61349768100007
            ],
            [
              98.45986564000003,
              26.62357386900004
            ],
            [
              98.45729763700007,
              26.643791864000036
            ],
            [
              98.45094571700008,
              26.658188214000063
            ],
            [
              98.44741397700005,
              26.682913736000046
            ],
            [
              98.45095017600005,
              26.70443768800004
            ],
            [
              98.45569050700004,
              26.731442481000045
            ],
            [
              98.45966231000006,
              26.753757300000075
            ],
            [
              98.45496156000007,
              26.771101214000055
            ],
            [
              98.45025896100003,
              26.78844411300003
            ],
            [
              98.44136307600007,
              26.809050128000028
            ],
            [
              98.43246303400008,
              26.829654285000064
            ],
            [
              98.42982408300009,
              26.843866860000052
            ],
            [
              98.42718428100005,
              26.85807882900008
            ],
            [
              98.42325421400007,
              26.871481883000058
            ],
            [
              98.41932295200007,
              26.88488431500008
            ],
            [
              98.41698704700008,
              26.906222768000077
            ],
            [
              98.42071150600005,
              26.92133592500005
            ],
            [
              98.42443724500004,
              26.93644834500003
            ],
            [
              98.42413152100005,
              26.948971243000074
            ],
            [
              98.41988001100003,
              26.967139661000033
            ],
            [
              98.42087766900005,
              26.99082127400004
            ],
            [
              98.41966659800005,
              27.004358426000067
            ],
            [
              98.41845515300008,
              27.01789507600006
            ],
            [
              98.40234264700007,
              27.029860668000026
            ],
            [
              98.39174842000006,
              27.042086910000023
            ],
            [
              98.38200821100008,
              27.04829400600005
            ],
            [
              98.37647532800008,
              27.052257556000033
            ],
            [
              98.37049993400007,
              27.056537350000042
            ],
            [
              98.36963953600008,
              27.065759485000058
            ],
            [
              98.36837991400006,
              27.07925676900004
            ],
            [
              98.36560571700005,
              27.118057398000076
            ],
            [
              98.35211637200007,
              27.138165413000024
            ],
            [
              98.34357673100004,
              27.16165586700004
            ],
            [
              98.33503251800005,
              27.18514422100003
            ],
            [
              98.32648372900007,
              27.208630477000042
            ],
            [
              98.3188136670001,
              27.22551526700005
            ],
            [
              98.31114065100007,
              27.24239878700007
            ],
            [
              98.30346467900006,
              27.259281039000033
            ],
            [
              98.29927098200005,
              27.278437968000052
            ],
            [
              98.29507545200005,
              27.297593786000053
            ],
            [
              98.29087808600008,
              27.316748493000034
            ],
            [
              98.28340926700008,
              27.336038140000028
            ],
            [
              98.27593715600005,
              27.355326326000068
            ],
            [
              98.26053759000007,
              27.38040686200003
            ],
            [
              98.25108135700003,
              27.39803062200008
            ],
            [
              98.24506526100004,
              27.413006289000066
            ],
            [
              98.23726977100007,
              27.43001417000005
            ],
            [
              98.22488844500003,
              27.453877704000035
            ],
            [
              98.21869889400006,
              27.475318351000055
            ],
            [
              98.21748049200005,
              27.484041276000028
            ],
            [
              98.21561479900004,
              27.497056735000058
            ],
            [
              98.21670783200005,
              27.511024391000035
            ],
            [
              98.21780121500007,
              27.52499153900004
            ],
            [
              98.22088335400008,
              27.54106048600005
            ],
            [
              98.22188370300006,
              27.552530052000066
            ],
            [
              98.21711902200008,
              27.575536803000034
            ],
            [
              98.21497774700005,
              27.596085628000026
            ],
            [
              98.21349641100007,
              27.60477964300003
            ],
            [
              98.21347089100004,
              27.619102979000047
            ],
            [
              98.21123758400006,
              27.63108884600007
            ],
            [
              98.20550719100004,
              27.650420835000034
            ],
            [
              98.19658678400003,
              27.658581121000054
            ],
            [
              98.18599852500007,
              27.669348985000056
            ],
            [
              98.17958943300005,
              27.68065330400003
            ],
            [
              98.17364735100006,
              27.69426637600003
            ],
            [
              98.17131714600004,
              27.703249897000035
            ],
            [
              98.16139519000006,
              27.71576578500003
            ],
            [
              98.16272816900005,
              27.72568314600005
            ],
            [
              98.15936919800004,
              27.73945048400003
            ],
            [
              98.15651734000005,
              27.74882893700004
            ],
            [
              98.15430685000008,
              27.756250283000043
            ],
            [
              98.14893826600007,
              27.767034757000033
            ],
            [
              98.14202075000009,
              27.79242465200008
            ],
            [
              98.13552357900005,
              27.801511408000067
            ],
            [
              98.13554439900008,
              27.810561393000057
            ],
            [
              98.13643723500007,
              27.830141901000047
            ],
            [
              98.14041361100004,
              27.85190353400003
            ],
            [
              98.13654630700006,
              27.874043714000038
            ],
            [
              98.1348830840001,
              27.884773472000063
            ],
            [
              98.13152786100005,
              27.890127763000066
            ],
            [
              98.12623323200006,
              27.896870854000042
            ],
            [
              98.11524565300004,
              27.90239217900006
            ],
            [
              98.10500806800007,
              27.906187162000037
            ],
            [
              98.08407027900006,
              27.909328644000027
            ],
            [
              98.07550473800008,
              27.910515536000048
            ],
            [
              98.06243062000004,
              27.909003272000067
            ],
            [
              98.05495128300004,
              27.904967700000043
            ],
            [
              98.04757937100004,
              27.90324773100008
            ],
            [
              98.02446948000005,
              27.89901204000006
            ],
            [
              98.00948025000008,
              27.896944078000047
            ],
            [
              97.98791210100006,
              27.88973671800005
            ],
            [
              97.97264606300007,
              27.891117144000077
            ],
            [
              97.96202100700003,
              27.895684518000056
            ],
            [
              97.94357988500009,
              27.894109701000048
            ],
            [
              97.92721182500009,
              27.89707951300005
            ],
            [
              97.91741821900007,
              27.89931806400006
            ],
            [
              97.90525065100007,
              27.902689843000076
            ],
            [
              97.88457248300006,
              27.912254116000042
            ],
            [
              97.86544323700008,
              27.920225664000043
            ],
            [
              97.85833260600003,
              27.920832292000057
            ],
            [
              97.85319205100006,
              27.918669615000056
            ],
            [
              97.84667145600008,
              27.915681601000074
            ],
            [
              97.83910372900006,
              27.914612670000054
            ],
            [
              97.83024361500009,
              27.913360514000033
            ],
            [
              97.81828212600006,
              27.914170744000046
            ],
            [
              97.80976621300005,
              27.918619094000064
            ],
            [
              97.78865274800006,
              27.921695680000028
            ],
            [
              97.78184147000007,
              27.923257386000046
            ],
            [
              97.77420097200007,
              27.927755906000073
            ],
            [
              97.76765639600006,
              27.930499404000045
            ],
            [
              97.76062013400009,
              27.933448382000055
            ],
            [
              97.74724172400005,
              27.93857232700003
            ],
            [
              97.73284340900005,
              27.94698079400007
            ],
            [
              97.71401341600006,
              27.954691295000032
            ],
            [
              97.70367362000007,
              27.957446839000056
            ],
            [
              97.69364400500007,
              27.956515808000063
            ],
            [
              97.68542102400005,
              27.951567166000075
            ],
            [
              97.68105972800004,
              27.945299394000074
            ],
            [
              97.66699348400005,
              27.94190574600003
            ],
            [
              97.65857818000006,
              27.941279807000058
            ],
            [
              97.64523008600008,
              27.94298001800007
            ],
            [
              97.62789011700005,
              27.93985789900006
            ],
            [
              97.61479929600006,
              27.93088071300008
            ],
            [
              97.60362708900006,
              27.920458883000038
            ],
            [
              97.59182304000007,
              27.915553715000044
            ],
            [
              97.58164429200008,
              27.906904652000037
            ],
            [
              97.57282867500004,
              27.899484226000027
            ],
            [
              97.55697109000005,
              27.890602346000037
            ],
            [
              97.52195587900007,
              27.87532168300004
            ],
            [
              97.49742593300005,
              27.866997743000073
            ],
            [
              97.48216048000006,
              27.862705665000078
            ],
            [
              97.45159395700006,
              27.85083300500003
            ],
            [
              97.43602955100005,
              27.838814221000064
            ],
            [
              97.41907881000009,
              27.83075199500007
            ],
            [
              97.40269020700003,
              27.83273054700004
            ],
            [
              97.38108481300009,
              27.822864078000066
            ],
            [
              97.36525146500009,
              27.814060058000052
            ],
            [
              97.34519489100006,
              27.81559038000006
            ],
            [
              97.32327618700003,
              27.82845159700003
            ],
            [
              97.30217853300007,
              27.836822635000033
            ],
            [
              97.2813658410001,
              27.84194113700005
            ],
            [
              97.24676628800006,
              27.834227545000033
            ],
            [
              97.21955918800006,
              27.81601747900004
            ],
            [
              97.20811135500009,
              27.807503659000076
            ],
            [
              97.17310662500006,
              27.793199988000026
            ],
            [
              97.15738755000007,
              27.76447287700006
            ],
            [
              97.14925537700003,
              27.74191530300004
            ],
            [
              97.12744338800009,
              27.72078081400008
            ],
            [
              97.10823093700009,
              27.708442185000024
            ],
            [
              97.07465326700009,
              27.706566356000057
            ],
            [
              97.04522230600008,
              27.69641136300004
            ],
            [
              97.02470019600008,
              27.677840215000064
            ],
            [
              97.01523241400008,
              27.662900656000033
            ],
            [
              97.00107028100008,
              27.65190815400007
            ],
            [
              96.98248757200008,
              27.630133228000034
            ],
            [
              96.97009430400004,
              27.60593969000007
            ],
            [
              96.95376805100005,
              27.583365370000028
            ],
            [
              96.94069668800006,
              27.564657607000072
            ],
            [
              96.93492691500006,
              27.54045247600004
            ],
            [
              96.93823981400004,
              27.52336790000004
            ],
            [
              96.94481415800004,
              27.515462730000024
            ],
            [
              96.94265142100005,
              27.504966791000072
            ],
            [
              96.93592505100008,
              27.49693261300007
            ],
            [
              96.92550304400004,
              27.49732786800007
            ],
            [
              96.91374309300005,
              27.50048160500006
            ],
            [
              96.90214452800006,
              27.504216862000078
            ],
            [
              96.88656276600005,
              27.50423739000007
            ],
            [
              96.87576946700005,
              27.50859914700004
            ],
            [
              96.85256873800006,
              27.518345100000033
            ],
            [
              96.82926846400005,
              27.534100823000074
            ],
            [
              96.80160232800007,
              27.54015608300006
            ],
            [
              96.77236386800007,
              27.54944645200004
            ],
            [
              96.74650627100004,
              27.55497949000005
            ],
            [
              96.72460844600005,
              27.55070801900007
            ],
            [
              96.70088219000007,
              27.55200873900003
            ],
            [
              96.67806246800008,
              27.561938457000053
            ],
            [
              96.65537778200007,
              27.574919668000064
            ],
            [
              96.63792157300009,
              27.587522931000024
            ],
            [
              96.60947072500005,
              27.610727604000033
            ],
            [
              96.59348477300006,
              27.62590793000004
            ],
            [
              96.57716756200006,
              27.633256534000054
            ],
            [
              96.55562379700007,
              27.63412020100003
            ],
            [
              96.53993777700003,
              27.639940418000037
            ],
            [
              96.5344906160001,
              27.64857375300005
            ],
            [
              96.53480793300008,
              27.65644969600004
            ],
            [
              96.53661121400008,
              27.671337032000054
            ],
            [
              96.53297888200007,
              27.681168611000032
            ],
            [
              96.53349943500007,
              27.69586366300007
            ],
            [
              96.52662893700005,
              27.708481059000064
            ],
            [
              96.52579962500006,
              27.716983545000062
            ],
            [
              96.52245967600004,
              27.731197338000072
            ],
            [
              96.52921625700009,
              27.75092595700005
            ],
            [
              96.53565534500007,
              27.769487397000034
            ],
            [
              96.52829342400008,
              27.795608535000042
            ],
            [
              96.53160052400005,
              27.811792555000068
            ],
            [
              96.52092098700007,
              27.840310272000067
            ],
            [
              96.52134208100006,
              27.85502583500005
            ],
            [
              96.51468557700008,
              27.873076868000055
            ],
            [
              96.51143732300005,
              27.902083719000075
            ],
            [
              96.51183111000006,
              27.91097321500007
            ],
            [
              96.51281837700009,
              27.919592671000032
            ],
            [
              96.51464480700008,
              27.93553352500004
            ],
            [
              96.51563954300008,
              27.94534307300006
            ],
            [
              96.51648590600007,
              27.95368753100007
            ],
            [
              96.51752210200004,
              27.96390114600007
            ],
            [
              96.51548864100005,
              27.97728727300006
            ],
            [
              96.50948151300008,
              27.988606151000056
            ],
            [
              96.50302088900008,
              28.00452652200005
            ],
            [
              96.49358163900007,
              28.021649074000038
            ],
            [
              96.48351515500008,
              28.032661246000032
            ],
            [
              96.46336743200004,
              28.046480028000076
            ],
            [
              96.44268777200006,
              28.065603855000063
            ],
            [
              96.41845152900004,
              28.075183912000057
            ],
            [
              96.37417989500005,
              28.08074176300005
            ],
            [
              96.35817136200006,
              28.07738418100007
            ],
            [
              96.34154141800008,
              28.084318169000028
            ],
            [
              96.32283731500007,
              28.090299017000063
            ],
            [
              96.30449465800007,
              28.103237930000034
            ],
            [
              96.28251081900004,
              28.110466504000044
            ],
            [
              96.26867232900008,
              28.117961139000045
            ],
            [
              96.26184747900004,
              28.140970365000044
            ],
            [
              96.25256079100006,
              28.155944386000044
            ],
            [
              96.23378083800009,
              28.167689361000043
            ],
            [
              96.21362419300004,
              28.176828971000077
            ],
            [
              96.19880385100004,
              28.181743388000033
            ],
            [
              96.18920425000005,
              28.195618084000046
            ],
            [
              96.18070302400008,
              28.206724664000035
            ],
            [
              96.17095290300006,
              28.222011878000046
            ],
            [
              96.15176212000006,
              28.24547674200005
            ],
            [
              96.13605370600004,
              28.258870606000073
            ],
            [
              96.10808250200006,
              28.275939015000063
            ],
            [
              96.08874073400005,
              28.288685867000027
            ],
            [
              96.06196709000005,
              28.30191555300007
            ],
            [
              96.04405487300005,
              28.316549737000063
            ],
            [
              96.02701135500007,
              28.329237033000027
            ],
            [
              96.01190226900007,
              28.34680984000005
            ],
            [
              96.00026460300006,
              28.366925062000064
            ],
            [
              95.99697333700004,
              28.38270553600006
            ],
            [
              95.97777368800008,
              28.405425139000045
            ],
            [
              95.96552025100004,
              28.428335377000053
            ],
            [
              95.95167121000009,
              28.44684007500007
            ],
            [
              95.94125992400006,
              28.463833853000043
            ],
            [
              95.92546562500007,
              28.49287181300008
            ],
            [
              95.91963687500004,
              28.50915782000004
            ],
            [
              95.90151759600008,
              28.51965318300006
            ],
            [
              95.87222656900008,
              28.522066200000044
            ],
            [
              95.84900352600005,
              28.523481658000037
            ],
            [
              95.82868088600009,
              28.528810117000035
            ],
            [
              95.80352281700004,
              28.535400391000053
            ],
            [
              95.77836089900006,
              28.541985037000074
            ],
            [
              95.75319513200009,
              28.54856405000004
            ],
            [
              95.72913491600008,
              28.55367889000007
            ],
            [
              95.70669654300008,
              28.558130877000053
            ],
            [
              95.68321160900007,
              28.559848577000025
            ],
            [
              95.65187949500006,
              28.563160692000054
            ],
            [
              95.62145147700005,
              28.56066565100008
            ],
            [
              95.59827038200007,
              28.56208604300008
            ],
            [
              95.56616260300007,
              28.559913084000073
            ],
            [
              95.54049983300007,
              28.553987624000058
            ],
            [
              95.52265359800003,
              28.54680404000004
            ],
            [
              95.49807102000005,
              28.526223000000073
            ],
            [
              95.47653755400006,
              28.51777319500008
            ],
            [
              95.45318928000006,
              28.515822110000045
            ],
            [
              95.43467613100006,
              28.51474698900006
            ],
            [
              95.40973451600007,
              28.522160910000025
            ],
            [
              95.39221694100007,
              28.526867261000064
            ],
            [
              95.3659180960001,
              28.522724353000058
            ],
            [
              95.34269010100007,
              28.524564060000046
            ],
            [
              95.32044083700004,
              28.52743298300004
            ],
            [
              95.29850946100004,
              28.527472190000026
            ],
            [
              95.27440626900005,
              28.527322111000046
            ],
            [
              95.25779739800004,
              28.528757927000072
            ],
            [
              95.23803741400008,
              28.52897094800005
            ],
            [
              95.21583860300007,
              28.52821073700005
            ],
            [
              95.19618621600006,
              28.52747481900008
            ],
            [
              95.17544838400005,
              28.526642039000023
            ],
            [
              95.15731733400008,
              28.526981353000053
            ],
            [
              95.13560420000005,
              28.529861159000063
            ],
            [
              95.10943794500008,
              28.533302054000046
            ],
            [
              95.08026576200007,
              28.532419142000037
            ],
            [
              95.05405837700005,
              28.529241014000036
            ],
            [
              95.02382969000007,
              28.526799949000065
            ],
            [
              94.99473845100005,
              28.522350061000054
            ],
            [
              94.96467487400008,
              28.516855745000043
            ],
            [
              94.94221245900007,
              28.512023665000072
            ],
            [
              94.91622029400008,
              28.509252996000043
            ],
            [
              94.89092692500003,
              28.509867675000066
            ],
            [
              94.86867968900003,
              28.507893540000055
            ],
            [
              94.84996728000004,
              28.503851333000057
            ],
            [
              94.83249392700009,
              28.50324608300008
            ],
            [
              94.81127893000007,
              28.501828207000074
            ],
            [
              94.78469556300007,
              28.49944982200003
            ],
            [
              94.73851185900008,
              28.49018867600006
            ],
            [
              94.70124662900008,
              28.470721686000047
            ],
            [
              94.68261589200006,
              28.46154295500003
            ],
            [
              94.66587040200005,
              28.450390474000073
            ],
            [
              94.64181167000004,
              28.43857012500007
            ],
            [
              94.62109654400008,
              28.42633472600005
            ],
            [
              94.59705066500004,
              28.41450429100007
            ],
            [
              94.57540751700003,
              28.396463012000027
            ],
            [
              94.55965440400007,
              28.373959005000074
            ],
            [
              94.54905677200009,
              28.359778224000024
            ],
            [
              94.53902088600006,
              28.341006339000046
            ],
            [
              94.52693104900004,
              28.33239669200003
            ],
            [
              94.51063666300008,
              28.321255476000033
            ],
            [
              94.50284475900008,
              28.314466911000068
            ],
            [
              94.47566008300004,
              28.30517002700003
            ],
            [
              94.45219282500005,
              28.299067480000076
            ],
            [
              94.43227838000007,
              28.290790484000073
            ],
            [
              94.41170146400003,
              28.284590368000067
            ],
            [
              94.39135911500007,
              28.279836509000063
            ],
            [
              94.38179998000004,
              28.273884976000033
            ],
            [
              94.37080991900007,
              28.269970280000052
            ],
            [
              94.35033999500007,
              28.26909532900004
            ],
            [
              94.32149915300005,
              28.26674558600007
            ],
            [
              94.27747862200005,
              28.264385422000032
            ],
            [
              94.25559739800008,
              28.26874727300003
            ],
            [
              94.23040911800007,
              28.266719614000067
            ],
            [
              94.21198319400008,
              28.266400194000028
            ],
            [
              94.18954000900004,
              28.262123573000054
            ],
            [
              94.16507169500005,
              28.25764913100005
            ],
            [
              94.14236600100008,
              28.25548102500005
            ],
            [
              94.11308536700005,
              28.253392725000026
            ],
            [
              94.09100826600007,
              28.246272849000036
            ],
            [
              94.07024252900004,
              28.241775336000046
            ],
            [
              94.03684887800006,
              28.238937342000042
            ],
            [
              94.00917389700004,
              28.231593220000036
            ],
            [
              93.99525938800008,
              28.23131728800007
            ],
            [
              93.97405180500004,
              28.227115751000042
            ],
            [
              93.95518702100009,
              28.223852650000026
            ],
            [
              93.92762999900003,
              28.224384161000046
            ],
            [
              93.91130618000005,
              28.22433926900004
            ],
            [
              93.88089215500008,
              28.224103919000072
            ],
            [
              93.86288189800007,
              28.22376775500004
            ],
            [
              93.85141221400005,
              28.21728121800004
            ],
            [
              93.83570363900009,
              28.215022365000042
            ],
            [
              93.80864555100004,
              28.21485920300006
            ],
            [
              93.79459665400003,
              28.215617386000076
            ],
            [
              93.77374393400004,
              28.218202912000038
            ],
            [
              93.75374627100008,
              28.220512045000078
            ],
            [
              93.72889685900003,
              28.219119251000052
            ],
            [
              93.71101577300004,
              28.22091633900004
            ],
            [
              93.69615487100003,
              28.221581787000048
            ],
            [
              93.67509093100006,
              28.219481847000054
            ],
            [
              93.64345040700005,
              28.216677425000057
            ],
            [
              93.61262196000007,
              28.21394549100006
            ],
            [
              93.57304276700006,
              28.206034094000074
            ],
            [
              93.55259530200004,
              28.19932518300004
            ],
            [
              93.53177519200005,
              28.195434722000073
            ],
            [
              93.51395070200005,
              28.18755314300006
            ],
            [
              93.49205379200004,
              28.176394668000057
            ],
            [
              93.47536382100009,
              28.175414896000063
            ],
            [
              93.46189175000006,
              28.177978249000034
            ],
            [
              93.43887553400003,
              28.164073422000058
            ],
            [
              93.41640100500007,
              28.14924655200008
            ],
            [
              93.39418447800007,
              28.14165584400007
            ],
            [
              93.37197184800004,
              28.134060662000024
            ],
            [
              93.35510103400009,
              28.130224431000045
            ],
            [
              93.33982824100008,
              28.12185822700008
            ],
            [
              93.32067980900007,
              28.114878446000034
            ],
            [
              93.30141731700007,
              28.105737027000032
            ],
            [
              93.28741488200006,
              28.09713580700003
            ],
            [
              93.27205850800004,
              28.089465374000042
            ],
            [
              93.24998596500006,
              28.073940767000067
            ],
            [
              93.22819119700006,
              28.053430502000026
            ],
            [
              93.21495693500003,
              28.03631047300007
            ],
            [
              93.21243357400006,
              28.012790012000043
            ],
            [
              93.21048688400003,
              27.99095686000004
            ],
            [
              93.20842793800006,
              27.973347356000037
            ],
            [
              93.21169909600007,
              27.95941647500007
            ],
            [
              93.20869627000008,
              27.941187770000056
            ],
            [
              93.20720672400006,
              27.913116355000057
            ],
            [
              93.21420564700009,
              27.88879260300007
            ],
            [
              93.21488646400007,
              27.87818933400007
            ],
            [
              93.21482726300007,
              27.860222253000074
            ],
            [
              93.21306308900006,
              27.852162988000032
            ],
            [
              93.20924715500007,
              27.838161598000056
            ],
            [
              93.20722521400006,
              27.82900081500003
            ],
            [
              93.19342113800008,
              27.819323291000046
            ],
            [
              93.18139377800009,
              27.81161976200008
            ],
            [
              93.16898263100006,
              27.80673850200003
            ],
            [
              93.15155987600008,
              27.79816551500005
            ],
            [
              93.13422282700003,
              27.791987598000052
            ],
            [
              93.12070562000008,
              27.786267718000033
            ],
            [
              93.10825302300005,
              27.781732460000057
            ],
            [
              93.09787851500005,
              27.779921587000047
            ],
            [
              93.07809597900007,
              27.77818946700006
            ],
            [
              93.06013852400008,
              27.77145471500006
            ],
            [
              93.03989228000006,
              27.768162424000025
            ],
            [
              93.02209427100007,
              27.766081512000028
            ],
            [
              93.00210735100006,
              27.76433772200005
            ],
            [
              92.97921098100005,
              27.762494919000062
            ],
            [
              92.95207854000006,
              27.754034268000055
            ],
            [
              92.93028204300003,
              27.747117114000048
            ],
            [
              92.91240159700006,
              27.738633496000034
            ],
            [
              92.89401623700007,
              27.731381789000068
            ],
            [
              92.8760875500001,
              27.720820430000064
            ],
            [
              92.86871095500004,
              27.70641319400005
            ],
            [
              92.85138308800003,
              27.687656540000035
            ],
            [
              92.83779720900009,
              27.67777413600004
            ],
            [
              92.81558887400008,
              27.66773111200007
            ],
            [
              92.79694536900007,
              27.664116256000057
            ],
            [
              92.78153290200004,
              27.657704269000078
            ],
            [
              92.77112276300005,
              27.64816446100008
            ],
            [
              92.75142466200003,
              27.64430149800006
            ],
            [
              92.72920534300005,
              27.635190544000068
            ],
            [
              92.72036644100007,
              27.637666288000048
            ],
            [
              92.71146966800006,
              27.634401078000053
            ],
            [
              92.69754090400005,
              27.618855763000056
            ],
            [
              92.68214564900006,
              27.60849891400005
            ],
            [
              92.66675405100005,
              27.598139696000032
            ],
            [
              92.64698972800005,
              27.58891380400007
            ],
            [
              92.62517639000004,
              27.581755475000023
            ],
            [
              92.61504177800003,
              27.570849072000048
            ],
            [
              92.59278836700008,
              27.560191520000046
            ],
            [
              92.58034548600006,
              27.55099825900004
            ],
            [
              92.56783766600006,
              27.54001640900003
            ],
            [
              92.55550372400006,
              27.533274507000044
            ],
            [
              92.54006007000004,
              27.531765413000073
            ],
            [
              92.51650592900006,
              27.52296327600004
            ],
            [
              92.50521015600003,
              27.517882627000063
            ],
            [
              92.49086074700006,
              27.517742029000033
            ],
            [
              92.47354659000007,
              27.518271851000065
            ],
            [
              92.46370252500003,
              27.518299485000057
            ],
            [
              92.44453159600005,
              27.509867292000028
            ],
            [
              92.43390513400004,
              27.50488363200003
            ],
            [
              92.42320676000008,
              27.50530834400007
            ],
            [
              92.41903775500003,
              27.502242739000053
            ],
            [
              92.40868595500007,
              27.497600655000042
            ],
            [
              92.39797871400003,
              27.494708461000073
            ],
            [
              92.38399012200006,
              27.492803372000026
            ],
            [
              92.37080986700005,
              27.488614475000077
            ],
            [
              92.36724717900006,
              27.48594336800005
            ],
            [
              92.36017379700007,
              27.476994280000046
            ],
            [
              92.35355250000003,
              27.46751334100003
            ],
            [
              92.34885836300003,
              27.459844988000043
            ],
            [
              92.34217274200006,
              27.456508049000035
            ],
            [
              92.33376877000008,
              27.457137644000056
            ],
            [
              92.32046882900005,
              27.453339103000076
            ],
            [
              92.31426578400004,
              27.450054833000028
            ],
            [
              92.31151693200007,
              27.445439110000052
            ],
            [
              92.31260427300003,
              27.43910492300006
            ],
            [
              92.31412224600008,
              27.43540229900003
            ],
            [
              92.31362247400006,
              27.42989287000006
            ],
            [
              92.30934912400005,
              27.425211228000023
            ],
            [
              92.30600832400006,
              27.42392908100004
            ],
            [
              92.30140158400008,
              27.423199802000056
            ],
            [
              92.29689128400008,
              27.418383679000044
            ],
            [
              92.29711751900005,
              27.414799025000036
            ],
            [
              92.29525496500008,
              27.41174042800003
            ],
            [
              92.29320699000004,
              27.40901227100005
            ],
            [
              92.28825235800008,
              27.40662706700005
            ],
            [
              92.28001406600004,
              27.404558381000072
            ],
            [
              92.27394182000006,
              27.396743428000036
            ],
            [
              92.27068927900007,
              27.383119899000064
            ],
            [
              92.26737618100003,
              27.375710698000034
            ],
            [
              92.26838323600003,
              27.36994052400007
            ],
            [
              92.26713282200006,
              27.34985544700004
            ],
            [
              92.26347875600005,
              27.342254937000064
            ],
            [
              92.25676654400007,
              27.33705389800008
            ],
            [
              92.24851606000004,
              27.334379589000037
            ],
            [
              92.24279875500008,
              27.328498653000054
            ],
            [
              92.24152378800005,
              27.318047693000043
            ],
            [
              92.23772199500009,
              27.306590457000027
            ],
            [
              92.23820353400004,
              27.28851392100006
            ],
            [
              92.23191311400006,
              27.271601474000082
            ],
            [
              92.22517008600005,
              27.261179457000026
            ],
            [
              92.20616475800006,
              27.24728834600006
            ],
            [
              92.1969659630001,
              27.242198619000078
            ],
            [
              92.18311129000006,
              27.23817114800005
            ],
            [
              92.17245562800008,
              27.229670612000064
            ],
            [
              92.15042483400003,
              27.21182235400005
            ],
            [
              92.13560806300006,
              27.203894501000036
            ],
            [
              92.12837806100005,
              27.203554617000066
            ],
            [
              92.12163702500004,
              27.198565091000034
            ],
            [
              92.11900605600005,
              27.188495490000037
            ],
            [
              92.11578725000004,
              27.18094300100006
            ],
            [
              92.10752907800008,
              27.173724831000072
            ],
            [
              92.0979046240001,
              27.169385182000042
            ],
            [
              92.08633721800004,
              27.16733297600007
            ],
            [
              92.08066859100006,
              27.161407695000037
            ],
            [
              92.06732384600008,
              27.154362924000054
            ],
            [
              92.05642287200004,
              27.146880320000037
            ],
            [
              92.04866770000007,
              27.136152845000026
            ],
            [
              92.03491637800006,
              27.12071870500006
            ],
            [
              92.03100686100004,
              27.115860617000067
            ],
            [
              92.02561187700007,
              27.111938477000024
            ],
            [
              92.01373726500003,
              27.10886796500006
            ],
            [
              92.00840621700007,
              27.10291472600005
            ],
            [
              92.00319423600007,
              27.097604226000044
            ],
            [
              92.00011647900006,
              27.091783410000062
            ],
            [
              91.99355735300009,
              27.086315166000077
            ],
            [
              91.98339705800004,
              27.083157431000075
            ],
            [
              91.97079261200008,
              27.08259623500004
            ],
            [
              91.96255487100007,
              27.080857500000036
            ],
            [
              91.95015672700004,
              27.074848587000076
            ],
            [
              91.93904085500009,
              27.06946554600006
            ],
            [
              91.91511040600005,
              27.064794557000027
            ],
            [
              91.89118250300004,
              27.060118405000026
            ],
            [
              91.86725714600004,
              27.055437091000048
            ],
            [
              91.84333434000007,
              27.050750615000027
            ],
            [
              91.81941408600005,
              27.04605897600004
            ],
            [
              91.79751085900006,
              27.04443327100006
            ],
            [
              91.77101623600004,
              27.046083329000055
            ],
            [
              91.75320809900006,
              27.04396829700005
            ],
            [
              91.73447198000008,
              27.047969154000043
            ],
            [
              91.71069399500004,
              27.056637015000035
            ],
            [
              91.69246110900008,
              27.053743050000037
            ],
            [
              91.67185588100007,
              27.051784034000036
            ],
            [
              91.66065495200007,
              27.054673398000034
            ],
            [
              91.65512291800007,
              27.062097891000064
            ],
            [
              91.65364001300009,
              27.071803858000067
            ],
            [
              91.65446032900007,
              27.08997732900008
            ],
            [
              91.65936836400004,
              27.09854443300003
            ],
            [
              91.66014034500006,
              27.11121438500004
            ],
            [
              91.65914233500007,
              27.122174990000076
            ],
            [
              91.65122369700003,
              27.134104310000055
            ],
            [
              91.64627850700003,
              27.144292680000035
            ],
            [
              91.63937132600007,
              27.158437956000057
            ],
            [
              91.63503992200003,
              27.18007701600004
            ],
            [
              91.61375200700007,
              27.201779825000074
            ],
            [
              91.59706027900008,
              27.211155732000066
            ],
            [
              91.55448244900005,
              27.227896377000036
            ],
            [
              91.50822129800008,
              27.235204773000078
            ],
            [
              91.45778503700008,
              27.245801837000048
            ],
            [
              91.42955089000009,
              27.24417316200004
            ],
            [
              91.40113860700006,
              27.241078146000063
            ],
            [
              91.37376092100006,
              27.239179997000065
            ],
            [
              91.35921024700008,
              27.238995591000048
            ],
            [
              91.33761135300006,
              27.238718387000063
            ],
            [
              91.32273008400006,
              27.241303386000027
            ],
            [
              91.30702113600006,
              27.238267732000054
            ],
            [
              91.28217890400003,
              27.217248297000026
            ],
            [
              91.26048443700006,
              27.208590394000055
            ],
            [
              91.22231744800007,
              27.21407273400007
            ],
            [
              91.21404321600005,
              27.214070074000063
            ],
            [
              91.20710963500005,
              27.211596190000023
            ],
            [
              91.20071618900006,
              27.205713476000028
            ],
            [
              91.19298402700008,
              27.199724567000032
            ],
            [
              91.17294608100008,
              27.19436846600007
            ],
            [
              91.14067722900006,
              27.192164456000057
            ],
            [
              91.12379873000003,
              27.193159010000045
            ],
            [
              91.11254054800008,
              27.19382096700008
            ],
            [
              91.09629884300006,
              27.197851650000075
            ],
            [
              91.08479541300005,
              27.201931512000044
            ],
            [
              91.07133534300004,
              27.196177806000037
            ],
            [
              91.05725810900003,
              27.18369277100004
            ],
            [
              91.04723153700007,
              27.178544061000025
            ],
            [
              91.03020335500008,
              27.176893154000027
            ],
            [
              91.02313659000004,
              27.17528902500004
            ],
            [
              91.01307355000007,
              27.177144802000043
            ],
            [
              91.00099767900008,
              27.17970622100006
            ],
            [
              90.99162114500008,
              27.18572200400007
            ],
            [
              90.97912757400007,
              27.19086604100005
            ],
            [
              90.96146395900007,
              27.192721376000065
            ],
            [
              90.94296386100007,
              27.194708427000023
            ],
            [
              90.92981974700007,
              27.197128091000025
            ],
            [
              90.91355953100003,
              27.198673533000033
            ],
            [
              90.89965468800006,
              27.197397267000042
            ],
            [
              90.88974706100004,
              27.20126143600004
            ],
            [
              90.88279993800006,
              27.202348537000034
            ],
            [
              90.87393178400005,
              27.20373557700003
            ],
            [
              90.86587643800004,
              27.20487380000003
            ],
            [
              90.85533992100005,
              27.20875426500004
            ],
            [
              90.8445174220001,
              27.212717446000056
            ],
            [
              90.83896348500008,
              27.22016552300005
            ],
            [
              90.83222841300005,
              27.22986116900006
            ],
            [
              90.82657638800003,
              27.237216731000046
            ],
            [
              90.81875229700006,
              27.24175755600004
            ],
            [
              90.80347793100003,
              27.244672197000057
            ],
            [
              90.79031548000006,
              27.252109628000028
            ],
            [
              90.77901333100004,
              27.25978253100004
            ],
            [
              90.76484204400003,
              27.276679632000025
            ],
            [
              90.74608578500005,
              27.281721055000048
            ],
            [
              90.72174579400007,
              27.28268924300005
            ],
            [
              90.70608361200004,
              27.276310356000067
            ],
            [
              90.69047835700007,
              27.267118546000066
            ],
            [
              90.66464354800007,
              27.270160628000042
            ],
            [
              90.64487291500006,
              27.27595492300003
            ],
            [
              90.60103332200003,
              27.274868876000028
            ],
            [
              90.56820062900005,
              27.259838413000068
            ],
            [
              90.53924025100008,
              27.257530958000075
            ],
            [
              90.51653847000006,
              27.25027095200005
            ],
            [
              90.48052016200006,
              27.246312199000045
            ],
            [
              90.46231093800003,
              27.231707590000042
            ],
            [
              90.41585504400007,
              27.22036836800004
            ],
            [
              90.39190395700007,
              27.202839006000033
            ],
            [
              90.37449851100007,
              27.178722099000026
            ],
            [
              90.36826374700007,
              27.16734543700005
            ],
            [
              90.35939043700007,
              27.152047760000073
            ],
            [
              90.35563371400008,
              27.140728381000034
            ],
            [
              90.34653455500006,
              27.129872289000048
            ],
            [
              90.33677353700006,
              27.118128065000064
            ],
            [
              90.32587442400006,
              27.108395904000076
            ],
            [
              90.30555141500008,
              27.108237491000068
            ],
            [
              90.28059305200009,
              27.111423756000082
            ],
            [
              90.25788388700005,
              27.11814298400003
            ],
            [
              90.23204433700005,
              27.116881357000068
            ],
            [
              90.20577176900008,
              27.124560476000056
            ],
            [
              90.17919100200004,
              27.118865235000047
            ],
            [
              90.15333592800006,
              27.112901598000064
            ],
            [
              90.12547163500005,
              27.109184212000063
            ],
            [
              90.09690272100005,
              27.10400407400005
            ],
            [
              90.07131793700006,
              27.104460063000033
            ],
            [
              90.04262457200008,
              27.11033548100005
            ],
            [
              90.01069977700007,
              27.108925139000064
            ],
            [
              89.99313670100008,
              27.111603072000037
            ],
            [
              89.94562642400007,
              27.10374981600006
            ],
            [
              89.90824703200008,
              27.086800434000054
            ],
            [
              89.88437716500005,
              27.07887782000006
            ],
            [
              89.86938220100006,
              27.066751284000077
            ],
            [
              89.84925336200007,
              27.06545412400004
            ],
            [
              89.83196997900006,
              27.064180789000034
            ],
            [
              89.81621944100004,
              27.054104597000048
            ],
            [
              89.79472542600008,
              27.039636552000047
            ],
            [
              89.77454995600004,
              27.02930805300008
            ],
            [
              89.75107692300008,
              27.01924374200007
            ],
            [
              89.72962374200006,
              27.011613736000072
            ],
            [
              89.70751035200004,
              26.998480830000062
            ],
            [
              89.68451221800007,
              26.98810439300007
            ],
            [
              89.67160793600004,
              26.97587016400007
            ],
            [
              89.65400948800004,
              26.974162303000075
            ],
            [
              89.63149701000003,
              26.970329780000043
            ],
            [
              89.61208872500004,
              26.971970402000068
            ],
            [
              89.58379511000004,
              26.97093296500003
            ],
            [
              89.55855416900006,
              26.971033799000054
            ],
            [
              89.53894106300004,
              26.978403212000046
            ],
            [
              89.52488429400006,
              26.986543417000064
            ],
            [
              89.47861455800006,
              26.98586002500008
            ],
            [
              89.45278410200007,
              26.993789437000032
            ],
            [
              89.42632291600006,
              26.998379155000066
            ],
            [
              89.40006325200005,
              27.010925700000033
            ],
            [
              89.37665128200007,
              27.009801198000048
            ],
            [
              89.35258257600003,
              27.016874872000074
            ],
            [
              89.32518846900007,
              27.02203217600004
            ],
            [
              89.30331548900006,
              27.015598966000027
            ],
            [
              89.28388320800008,
              27.01044799600004
            ],
            [
              89.24102802000004,
              27.010992626000075
            ],
            [
              89.22982988600006,
              27.01661905000003
            ],
            [
              89.21653878600006,
              27.022548521000036
            ],
            [
              89.20065575200005,
              27.020291803000077
            ],
            [
              89.17601764900007,
              27.010172110000042
            ],
            [
              89.14184779900006,
              27.00770605100007
            ],
            [
              89.11340699500005,
              27.030924633000044
            ],
            [
              89.09613803500008,
              27.040722321000036
            ],
            [
              89.07495418400003,
              27.04540673100007
            ],
            [
              89.04845474900009,
              27.053634573000068
            ],
            [
              89.03149586800004,
              27.066113863000055
            ],
            [
              89.01759665700007,
              27.07373870500004
            ],
            [
              89.00949423400004,
              27.076422609000076
            ],
            [
              88.99874331000007,
              27.078724925000074
            ],
            [
              88.98914985200008,
              27.08359842300007
            ],
            [
              88.97707959200005,
              27.087152187000072
            ],
            [
              88.96606764200004,
              27.090857334000077
            ],
            [
              88.95920571300007,
              27.095641190000038
            ],
            [
              88.95075397300008,
              27.10019530200003
            ],
            [
              88.93371800300008,
              27.09821702800008
            ],
            [
              88.90407823300006,
              27.09970535900004
            ],
            [
              88.86908058700006,
              27.109551225000075
            ],
            [
              88.85382383300004,
              27.11263058700007
            ],
            [
              88.82224774300005,
              27.118628960000024
            ],
            [
              88.80743029700005,
              27.12224748500006
            ],
            [
              88.77988744700008,
              27.118235010000035
            ],
            [
              88.74829480800008,
              27.118436210000027
            ],
            [
              88.73108894300003,
              27.120252366000045
            ],
            [
              88.71149735800003,
              27.120272852000028
            ],
            [
              88.69367300800008,
              27.122474142000044
            ],
            [
              88.67937923300008,
              27.126153357000078
            ],
            [
              88.66569977400007,
              27.12655200300003
            ],
            [
              88.64840259700009,
              27.128823831000037
            ],
            [
              88.62086554800004,
              27.127660517000038
            ],
            [
              88.60956868100004,
              27.129847233000078
            ],
            [
              88.59544764100008,
              27.123914737000064
            ],
            [
              88.58194417700008,
              27.126254620000054
            ],
            [
              88.56985392000007,
              27.123987944000078
            ],
            [
              88.55591351600003,
              27.117113731000074
            ],
            [
              88.53915333000003,
              27.107894256000066
            ],
            [
              88.51092362500003,
              27.10178562300007
            ],
            [
              88.49416748000004,
              27.09544740800004
            ],
            [
              88.47114359200003,
              27.093470935000028
            ],
            [
              88.44830907600004,
              27.08477640800004
            ],
            [
              88.43578797100008,
              27.081947968000065
            ],
            [
              88.42254830300004,
              27.08575256900008
            ],
            [
              88.39951513500006,
              27.08953815500007
            ],
            [
              88.38250170500004,
              27.09313585900003
            ],
            [
              88.36597128100004,
              27.09704423200003
            ],
            [
              88.34141763500008,
              27.105888580000055
            ],
            [
              88.31922646300006,
              27.119416928000078
            ],
            [
              88.29766780400007,
              27.126775682000073
            ],
            [
              88.27860410700004,
              27.126800109000044
            ],
            [
              88.25769378600006,
              27.125098355000034
            ],
            [
              88.22541310500009,
              27.120232592000036
            ],
            [
              88.20675909100004,
              27.12885062500004
            ],
            [
              88.19790826700007,
              27.132937905000063
            ],
            [
              88.17587730600007,
              27.125752874000057
            ],
            [
              88.16057609900008,
              27.114765229000056
            ],
            [
              88.14355565200003,
              27.112667135000038
            ],
            [
              88.12038545800004,
              27.105778359000055
            ],
            [
              88.09962390900006,
              27.09491424500004
            ],
            [
              88.08760148600004,
              27.083930382000062
            ],
            [
              88.06841775500004,
              27.07618982500003
            ],
            [
              88.04444246000008,
              27.07349653600005
            ],
            [
              88.00208336400004,
              27.08617798900008
            ],
            [
              87.96249395500007,
              27.087607134000052
            ],
            [
              87.93631736300006,
              27.091139800000064
            ],
            [
              87.91652636000003,
              27.094845510000027
            ],
            [
              87.90261868400006,
              27.101863326000057
            ],
            [
              87.88709886400005,
              27.111523134000038
            ],
            [
              87.87622279400006,
              27.114185302000067
            ],
            [
              87.86152779300005,
              27.119631395000056
            ],
            [
              87.83815974700008,
              27.12759261900004
            ],
            [
              87.81727281600007,
              27.134005102000064
            ],
            [
              87.80204195600004,
              27.13936135800003
            ],
            [
              87.78435001000008,
              27.14337059600007
            ],
            [
              87.76813317500006,
              27.159174182000072
            ],
            [
              87.75180020600004,
              27.159051440000045
            ],
            [
              87.73092144500004,
              27.15436396000007
            ],
            [
              87.70270435400005,
              27.150940803000026
            ],
            [
              87.66724102000006,
              27.140112953000028
            ],
            [
              87.60850261500008,
              27.112130078000064
            ],
            [
              87.59282792800008,
              27.11690795000004
            ],
            [
              87.57475605400003,
              27.122754500000042
            ],
            [
              87.55534305200007,
              27.129834523000056
            ],
            [
              87.54464253400005,
              27.131529449000027
            ],
            [
              87.53242630100004,
              27.127198224000043
            ],
            [
              87.52017562900005,
              27.12575356800005
            ],
            [
              87.50213334500006,
              27.12870038400007
            ],
            [
              87.48911357500003,
              27.139188036000064
            ],
            [
              87.47153902600007,
              27.139792741000065
            ],
            [
              87.45731899800006,
              27.147066665000068
            ],
            [
              87.44487281100004,
              27.153430642000046
            ],
            [
              87.42788944100005,
              27.156048405000035
            ],
            [
              87.40527543700006,
              27.15928279800005
            ],
            [
              87.39558024700005,
              27.162027927000054
            ],
            [
              87.38222954300005,
              27.16328848200004
            ],
            [
              87.37129132800004,
              27.16878890600003
            ],
            [
              87.36313091300008,
              27.171352888000058
            ],
            [
              87.34604855000003,
              27.18021703100004
            ],
            [
              87.32876132200005,
              27.184705233000045
            ],
            [
              87.31569176400006,
              27.18455612000003
            ],
            [
              87.30430355900006,
              27.184190795000063
            ],
            [
              87.29003821400005,
              27.187224970000045
            ],
            [
              87.27782683600003,
              27.182866691000072
            ],
            [
              87.26389127600005,
              27.18160858400006
            ],
            [
              87.25270785000004,
              27.190918896000028
            ],
            [
              87.24580273700008,
              27.203323588000046
            ],
            [
              87.23597025300006,
              27.22201355900006
            ],
            [
              87.22825506500004,
              27.232626439000057
            ],
            [
              87.22227903800007,
              27.237013355000045
            ],
            [
              87.21036477800004,
              27.245757036000043
            ],
            [
              87.19940970500006,
              27.253793957000028
            ],
            [
              87.18657380800005,
              27.260422214000073
            ],
            [
              87.17238802300005,
              27.26297383700006
            ],
            [
              87.15271882000008,
              27.26560911400003
            ],
            [
              87.14083995800007,
              27.26225567800003
            ],
            [
              87.12684614100004,
              27.258561033000035
            ],
            [
              87.11717965700008,
              27.260384609000027
            ],
            [
              87.10087861300009,
              27.257280482000056
            ],
            [
              87.07365668900009,
              27.262063902000023
            ],
            [
              87.05408684200006,
              27.258908461000033
            ],
            [
              87.03542770500007,
              27.259274067000035
            ],
            [
              87.00849231700005,
              27.26264104200004
            ],
            [
              86.98120038500008,
              27.275595070000065
            ],
            [
              86.96521428700004,
              27.28410335500007
            ],
            [
              86.95024032500004,
              27.290361122000036
            ],
            [
              86.93421891900005,
              27.291138927000077
            ],
            [
              86.90917502500008,
              27.305457915000034
            ],
            [
              86.8819112560001,
              27.307479442000044
            ],
            [
              86.85667726700007,
              27.30361733700005
            ],
            [
              86.82921753500005,
              27.310668535000048
            ],
            [
              86.80378816000007,
              27.311836967000033
            ],
            [
              86.78073856600008,
              27.31872129300007
            ],
            [
              86.76745364400006,
              27.319441667000035
            ],
            [
              86.75292738300004,
              27.314156584000045
            ],
            [
              86.74162996100006,
              27.31466868900003
            ],
            [
              86.72749598600008,
              27.315307768000025
            ],
            [
              86.70206392300008,
              27.31645320200005
            ],
            [
              86.67440181400008,
              27.315190682000036
            ],
            [
              86.64674050400004,
              27.313921359000062
            ],
            [
              86.61403215300004,
              27.320267010000066
            ],
            [
              86.58851655800004,
              27.321841840000047
            ],
            [
              86.56855118600004,
              27.32819336200004
            ],
            [
              86.55175605700003,
              27.33506731800003
            ],
            [
              86.54404413600008,
              27.350688433000073
            ],
            [
              86.52039714000006,
              27.35883635500005
            ],
            [
              86.49687574900008,
              27.368932204000032
            ],
            [
              86.47589430200009,
              27.379929252000068
            ],
            [
              86.45076179000006,
              27.39747468300004
            ],
            [
              86.42363078200003,
              27.416613613000038
            ],
            [
              86.40650642000008,
              27.42486278900003
            ],
            [
              86.38572824200008,
              27.43732815800007
            ],
            [
              86.35380137800007,
              27.445510852000044
            ],
            [
              86.33006166000007,
              27.458920540000065
            ],
            [
              86.31241595500006,
              27.469484607000027
            ],
            [
              86.29716196100009,
              27.476584355000057
            ],
            [
              86.28402005200007,
              27.494178058000045
            ],
            [
              86.26456493100005,
              27.51553885100003
            ],
            [
              86.23310482500005,
              27.521356269000023
            ],
            [
              86.21092702300007,
              27.524866152000072
            ],
            [
              86.19388486200006,
              27.535033287000033
            ],
            [
              86.17688726000006,
              27.562591256000076
            ],
            [
              86.16378883000004,
              27.57728322400004
            ],
            [
              86.14664969700004,
              27.59032565800004
            ],
            [
              86.11923049200006,
              27.60259366500003
            ],
            [
              86.09527144100008,
              27.611578379000036
            ],
            [
              86.06686801100005,
              27.62427071600007
            ],
            [
              86.04315645200006,
              27.63322911000006
            ],
            [
              86.01954678600003,
              27.65457466600003
            ],
            [
              85.99906812000006,
              27.67390933300004
            ],
            [
              85.97858646500003,
              27.68745252900004
            ],
            [
              85.96711684500008,
              27.695762540000032
            ],
            [
              85.95527052400007,
              27.70349073600005
            ],
            [
              85.94504633100007,
              27.71464068100005
            ],
            [
              85.93674788200008,
              27.722583112000052
            ],
            [
              85.92219499700008,
              27.73233563900004
            ],
            [
              85.90274921700006,
              27.743021975000033
            ],
            [
              85.88768831400006,
              27.761216258000047
            ],
            [
              85.88546178300004,
              27.761318742000075
            ],
            [
              85.86199131200004,
              27.775175083000082
            ],
            [
              85.85490540600006,
              27.799559013000078
            ],
            [
              85.84478724000007,
              27.81279859600005
            ],
            [
              85.82487501000008,
              27.820496682000055
            ],
            [
              85.80572071700004,
              27.832185243000026
            ],
            [
              85.79023634200007,
              27.834841830000077
            ],
            [
              85.77741703600003,
              27.840368867000052
            ],
            [
              85.75723563800005,
              27.847970193000037
            ],
            [
              85.73157134800005,
              27.84311372600007
            ],
            [
              85.7050511880001,
              27.848206667000056
            ],
            [
              85.66685111600003,
              27.853692946000024
            ],
            [
              85.63090096900004,
              27.868734699000072
            ],
            [
              85.60692350000005,
              27.877144976000068
            ],
            [
              85.56807726200003,
              27.887803145000078
            ],
            [
              85.54408451400008,
              27.893783469000027
            ],
            [
              85.53008353800004,
              27.90681065700005
            ],
            [
              85.50598588600009,
              27.920495851000055
            ],
            [
              85.46254424300008,
              27.939019416000065
            ],
            [
              85.44480229600003,
              27.948970141000075
            ],
            [
              85.42726859900006,
              27.95798861200007
            ],
            [
              85.40590407200006,
              27.959570902000053
            ],
            [
              85.39039297700003,
              27.967569019000056
            ],
            [
              85.36146613600005,
              27.974987838000064
            ],
            [
              85.33680238500006,
              27.974047109000026
            ],
            [
              85.30980233600008,
              27.971240817000023
            ],
            [
              85.28641688700004,
              27.969546840000078
            ],
            [
              85.25441527400005,
              27.971646728000053
            ],
            [
              85.2238989350001,
              27.97448326400007
            ],
            [
              85.19306995400007,
              27.97387313200005
            ],
            [
              85.17036788200005,
              27.99547788800004
            ],
            [
              85.15768047400007,
              28.007250816000067
            ],
            [
              85.14266960700007,
              28.012327434000042
            ],
            [
              85.11436119100006,
              28.01746199300004
            ],
            [
              85.06772508300008,
              28.02996931100006
            ],
            [
              85.04300894400006,
              28.038626708000038
            ],
            [
              85.02193239100006,
              28.041159367000034
            ],
            [
              85.00519341800003,
              28.048812852000026
            ],
            [
              84.98285963800004,
              28.06851978800006
            ],
            [
              84.96611193100006,
              28.076167011000052
            ],
            [
              84.94405672400006,
              28.080446255000027
            ],
            [
              84.91902715300007,
              28.083222318000026
            ],
            [
              84.89954224200005,
              28.10245899100005
            ],
            [
              84.85983753600004,
              28.118067284000063
            ],
            [
              84.82460910200007,
              28.131083329000035
            ],
            [
              84.80550489500007,
              28.136836284000026
            ],
            [
              84.78280186800004,
              28.13903700000003
            ],
            [
              84.75411898400006,
              28.143056889000036
            ],
            [
              84.74460021000004,
              28.148110641000073
            ],
            [
              84.72179077200008,
              28.15118398100003
            ],
            [
              84.71102905400005,
              28.16332933700005
            ],
            [
              84.70140355300003,
              28.17164479700006
            ],
            [
              84.67894359300004,
              28.175745446000064
            ],
            [
              84.65756045400008,
              28.18396611000003
            ],
            [
              84.63146010000008,
              28.182863754000042
            ],
            [
              84.58487875500003,
              28.206452828000067
            ],
            [
              84.55336988400006,
              28.21454940900003
            ],
            [
              84.52615642800005,
              28.20750040000007
            ],
            [
              84.50034459800008,
              28.199115154000026
            ],
            [
              84.47832949700006,
              28.20328597100007
            ],
            [
              84.44536067700005,
              28.215643774000057
            ],
            [
              84.41747705000006,
              28.22069954600005
            ],
            [
              84.39188659800004,
              28.22084699800007
            ],
            [
              84.37203230500006,
              28.231720067000026
            ],
            [
              84.34501161000009,
              28.23736166400005
            ],
            [
              84.32317014200004,
              28.235764059000076
            ],
            [
              84.29506320900003,
              28.24050907000003
            ],
            [
              84.26611474000003,
              28.244124414000055
            ],
            [
              84.23904963600006,
              28.250258863000056
            ],
            [
              84.21305399000005,
              28.250091274000056
            ],
            [
              84.18891447800007,
              28.250664933000056
            ],
            [
              84.16076874500004,
              28.24980475700005
            ],
            [
              84.13043949700005,
              28.248773996000068
            ],
            [
              84.11423489900005,
              28.254170444000067
            ],
            [
              84.10197925500006,
              28.258249792000072
            ],
            [
              84.08065342900005,
              28.264690491000067
            ],
            [
              84.04701535700008,
              28.270285057000024
            ],
            [
              84.02142824400006,
              28.27253171500007
            ],
            [
              84.00935863700005,
              28.276023769000062
            ],
            [
              84.00043387200003,
              28.280957735000072
            ],
            [
              83.98587335900004,
              28.29373112500008
            ],
            [
              83.95899857000006,
              28.30226175300004
            ],
            [
              83.92537010600006,
              28.312184342000023
            ],
            [
              83.88700330000006,
              28.32096631400003
            ],
            [
              83.87212250800009,
              28.320349945000032
            ],
            [
              83.85538742900007,
              28.31599250900007
            ],
            [
              83.83225500100008,
              28.317208632000078
            ],
            [
              83.79917963000008,
              28.319209341000033
            ],
            [
              83.77033339400003,
              28.317639842000062
            ],
            [
              83.73471134700003,
              28.329798986000075
            ],
            [
              83.70884577500004,
              28.328536082000028
            ],
            [
              83.68612601500007,
              28.325840388000074
            ],
            [
              83.66470561600005,
              28.32580789800005
            ],
            [
              83.64124023100004,
              28.33170728500005
            ],
            [
              83.61403545300004,
              28.344280510000033
            ],
            [
              83.58682275100006,
              28.356846877000066
            ],
            [
              83.55960212600007,
              28.36940638500005
            ],
            [
              83.52830099700003,
              28.374499015000026
            ],
            [
              83.50115787100003,
              28.390851654000073
            ],
            [
              83.47176879200003,
              28.39899484700004
            ],
            [
              83.44420762400006,
              28.40639007200008
            ],
            [
              83.41385871100005,
              28.410815855000067
            ],
            [
              83.38443067200006,
              28.418282472000044
            ],
            [
              83.36039075600007,
              28.420640539000033
            ],
            [
              83.33677605100007,
              28.42482082600003
            ],
            [
              83.31715662900007,
              28.43519625500005
            ],
            [
              83.29878027300003,
              28.44702956100008
            ],
            [
              83.28439379600007,
              28.451981557000067
            ],
            [
              83.27199099900008,
              28.458093021000025
            ],
            [
              83.26682669200005,
              28.458328641000037
            ],
            [
              83.26300319900008,
              28.458294797000065
            ],
            [
              83.25953990100004,
              28.45631872200005
            ],
            [
              83.25025695100004,
              28.454862240000068
            ],
            [
              83.24049015400004,
              28.453749677000076
            ],
            [
              83.23254528600006,
              28.451631149000036
            ],
            [
              83.22459947500005,
              28.45125727800007
            ],
            [
              83.21807146200007,
              28.452320996000026
            ],
            [
              83.20629520700004,
              28.451204217000054
            ],
            [
              83.19860612300005,
              28.454175428000042
            ],
            [
              83.19635648300005,
              28.456842729000073
            ],
            [
              83.18098052700003,
              28.459292848000075
            ],
            [
              83.16440476900004,
              28.45583556200006
            ],
            [
              83.15257274000004,
              28.455689605000032
            ],
            [
              83.14137334400004,
              28.45432048600003
            ],
            [
              83.11843298100007,
              28.451887786000043
            ],
            [
              83.10801618900007,
              28.44643002600003
            ],
            [
              83.08684073700005,
              28.45263493300007
            ],
            [
              83.07751188900005,
              28.45159567500008
            ],
            [
              83.06360776800005,
              28.45437851400004
            ],
            [
              83.04769417700005,
              28.44930603800003
            ],
            [
              83.03971801600005,
              28.44418509600007
            ],
            [
              83.02491004700005,
              28.44625350900003
            ],
            [
              83.01929390300006,
              28.44612301400008
            ],
            [
              83.00924231000005,
              28.446803614000032
            ],
            [
              83.00451516000004,
              28.446073264000063
            ],
            [
              82.99787391600006,
              28.44496825400006
            ],
            [
              82.98912698100008,
              28.444226909000065
            ],
            [
              82.97801366300007,
              28.443991763000046
            ],
            [
              82.96399837900003,
              28.442022563000023
            ],
            [
              82.94789140600005,
              28.44294047500006
            ],
            [
              82.94036487000005,
              28.44345607300005
            ],
            [
              82.93034943700007,
              28.44668271200004
            ],
            [
              82.92859074000006,
              28.451899781000066
            ],
            [
              82.91920792400003,
              28.459940629000073
            ],
            [
              82.90923468300008,
              28.463660708000077
            ],
            [
              82.89843231700007,
              28.472141803000056
            ],
            [
              82.89232887000009,
              28.476801109000064
            ],
            [
              82.88357278100005,
              28.484193812000058
            ],
            [
              82.85786474300005,
              28.49065832200006
            ],
            [
              82.84090999300008,
              28.497943445000033
            ],
            [
              82.83460638100007,
              28.50131799600007
            ],
            [
              82.82176014600003,
              28.50819307100005
            ],
            [
              82.79969686300007,
              28.519994766000025
            ],
            [
              82.77934773500004,
              28.534692539000048
            ],
            [
              82.75973092700008,
              28.547109068000054
            ],
            [
              82.74010846200008,
              28.559521877000066
            ],
            [
              82.71841896300003,
              28.575136411000074
            ],
            [
              82.70067010300005,
              28.584279433000063
            ],
            [
              82.68441493300008,
              28.597909508000047
            ],
            [
              82.66476257300008,
              28.609544245000052
            ],
            [
              82.64325027200005,
              28.61886611500006
            ],
            [
              82.62425761000003,
              28.629655644000024
            ],
            [
              82.60145306500006,
              28.641111714000033
            ],
            [
              82.57521578600006,
              28.651882310000076
            ],
            [
              82.54897193300008,
              28.66264663500004
            ],
            [
              82.52272150700009,
              28.673404687000076
            ],
            [
              82.50048473200007,
              28.686620755000035
            ],
            [
              82.47824111600005,
              28.699832112000028
            ],
            [
              82.45599065700003,
              28.71303875600006
            ],
            [
              82.43373335600006,
              28.72624068900007
            ],
            [
              82.41146921100005,
              28.739437908000067
            ],
            [
              82.38927267400004,
              28.751986970000072
            ],
            [
              82.36082293500004,
              28.77116268600002
            ],
            [
              82.35109394900007,
              28.78438140200006
            ],
            [
              82.32630628400005,
              28.798217283000042
            ],
            [
              82.30742231200009,
              28.80522520900007
            ],
            [
              82.27997778700006,
              28.817912263000036
            ],
            [
              82.25500401200009,
              28.82817856700007
            ],
            [
              82.23327726300005,
              28.83472518600007
            ],
            [
              82.21465184500005,
              28.84589967100004
            ],
            [
              82.19750198600008,
              28.85627719500008
            ],
            [
              82.17273118200006,
              28.869847512000035
            ],
            [
              82.16290034700006,
              28.877572297000025
            ],
            [
              82.14204583600008,
              28.881853252000045
            ],
            [
              82.11593600900007,
              28.887858933000075
            ],
            [
              82.09744453800005,
              28.89066867700006
            ],
            [
              82.07998778100006,
              28.89587092900007
            ],
            [
              82.06944748000006,
              28.903567108000065
            ],
            [
              82.05511628700003,
              28.91122158100006
            ],
            [
              82.04421932400004,
              28.915565431000058
            ],
            [
              82.03659311000007,
              28.91875165800008
            ],
            [
              82.02487105400007,
              28.921469351000045
            ],
            [
              82.01277093400006,
              28.925566167000056
            ],
            [
              81.99876349300007,
              28.928909588000067
            ],
            [
              81.98265190800005,
              28.92566057700003
            ],
            [
              81.96099579500003,
              28.926591908000038
            ],
            [
              81.93409110300007,
              28.932277626000033
            ],
            [
              81.90794097700007,
              28.935197081000066
            ],
            [
              81.88123872200003,
              28.946256966000075
            ],
            [
              81.85703590000008,
              28.94616331100008
            ],
            [
              81.83367264900005,
              28.94915182800003
            ],
            [
              81.80301871300009,
              28.95404145700007
            ],
            [
              81.78335866500004,
              28.966040846000055
            ],
            [
              81.75759500600003,
              28.97969889700005
            ],
            [
              81.73779534400006,
              28.992149588000075
            ],
            [
              81.71405653400006,
              28.99844141300002
            ],
            [
              81.69733173000003,
              29.001800447000047
            ],
            [
              81.67670641300003,
              29.01310084200003
            ],
            [
              81.65793221300004,
              29.02380833300003
            ],
            [
              81.63620720000006,
              29.03293220200004
            ],
            [
              81.61513932800005,
              29.041702532000045
            ],
            [
              81.59148182600006,
              29.057710714000052
            ],
            [
              81.57416022300004,
              29.069194182000047
            ],
            [
              81.56140310000006,
              29.084839843000054
            ],
            [
              81.54286530700006,
              29.097667449000024
            ],
            [
              81.53058136400006,
              29.106163614000028
            ],
            [
              81.52526853800003,
              29.11791218300004
            ],
            [
              81.51796091000006,
              29.133360215000035
            ],
            [
              81.50976732500004,
              29.140410315000054
            ],
            [
              81.49679169300003,
              29.14233666000007
            ],
            [
              81.48412864000005,
              29.142139227000026
            ],
            [
              81.47004240100006,
              29.148541760000054
            ],
            [
              81.45522007500006,
              29.159503708000045
            ],
            [
              81.44278433500006,
              29.16869680000008
            ],
            [
              81.42581288000008,
              29.181237258000067
            ],
            [
              81.40433337100008,
              29.19709943700008
            ],
            [
              81.38509828700006,
              29.211295299000028
            ],
            [
              81.36732004000004,
              29.22955603400004
            ],
            [
              81.34704749700006,
              29.243164319000073
            ],
            [
              81.32768943300005,
              29.250550129000032
            ],
            [
              81.30722207000008,
              29.27082771000005
            ],
            [
              81.2960637770001,
              29.278220147000066
            ],
            [
              81.29347437500007,
              29.289346749000064
            ],
            [
              81.29239578500005,
              29.297142740000027
            ],
            [
              81.27146615700008,
              29.320965552000075
            ],
            [
              81.25913091900009,
              29.333457223000035
            ],
            [
              81.24670053500006,
              29.352247870000046
            ],
            [
              81.24223436400007,
              29.375039675000043
            ],
            [
              81.23347721400006,
              29.393719215000033
            ],
            [
              81.21542812200005,
              29.414248798000074
            ],
            [
              81.20018500900005,
              29.424912570000064
            ],
            [
              81.18662200800009,
              29.43762821200005
            ],
            [
              81.17081287400003,
              29.444281681000064
            ],
            [
              81.15282022300005,
              29.455580019000028
            ],
            [
              81.13644047700006,
              29.46915929800008
            ],
            [
              81.13266678100007,
              29.475224689000076
            ],
            [
              81.12854747200004,
              29.48184436300005
            ],
            [
              81.12044795800006,
              29.48804597000003
            ],
            [
              81.10729474600004,
              29.499502719000077
            ],
            [
              81.0641824880001,
              29.524960381000028
            ],
            [
              81.03437398800008,
              29.535704479000056
            ],
            [
              81.01552811600004,
              29.543890339000033
            ],
            [
              80.99464824800003,
              29.546941399000048
            ],
            [
              80.98434617400005,
              29.553083240000035
            ],
            [
              80.96209655900003,
              29.56252463000004
            ],
            [
              80.94298250700007,
              29.572103264000077
            ],
            [
              80.92895247300004,
              29.583726691000038
            ],
            [
              80.91189887300004,
              29.59349382100004
            ],
            [
              80.89199395900005,
              29.60326352000004
            ],
            [
              80.88165609100008,
              29.611551351000056
            ],
            [
              80.86557389100005,
              29.62320058000006
            ],
            [
              80.85304223400004,
              29.639390259000034
            ],
            [
              80.84400658800007,
              29.64598587600005
            ],
            [
              80.83330408900008,
              29.65830659900007
            ],
            [
              80.82124057800007,
              29.660611495000065
            ],
            [
              80.81437902600004,
              29.66705873500007
            ],
            [
              80.80987350100008,
              29.680084769000075
            ],
            [
              80.80402479600008,
              29.69282557500003
            ],
            [
              80.79850809900006,
              29.704420793000054
            ],
            [
              80.79115015400004,
              29.71988024800004
            ],
            [
              80.77892123000004,
              29.732481687000075
            ],
            [
              80.76937105400003,
              29.743219597000063
            ],
            [
              80.75377680100007,
              29.75267299400008
            ],
            [
              80.73784083400007,
              29.75840471300006
            ],
            [
              80.71972122200003,
              29.764278040000082
            ],
            [
              80.69807362500006,
              29.765142075000032
            ],
            [
              80.67877501600003,
              29.767718806000065
            ],
            [
              80.66064931400007,
              29.77358282800003
            ],
            [
              80.64839492900006,
              29.781305332000045
            ],
            [
              80.63765036800004,
              29.786308961000035
            ],
            [
              80.62119216400004,
              29.798604470000043
            ],
            [
              80.59868123200005,
              29.814469510000038
            ],
            [
              80.57699625900005,
              29.83476465500007
            ],
            [
              80.55648610000003,
              29.848619631000076
            ],
            [
              80.52992749100008,
              29.85874425100008
            ],
            [
              80.50588544600004,
              29.867579105000058
            ],
            [
              80.48284327200008,
              29.877840806000048
            ],
            [
              80.46517660400009,
              29.88682048100003
            ],
            [
              80.42983200400005,
              29.904771316000048
            ],
            [
              80.39347664900004,
              29.918846965000053
            ],
            [
              80.36804134000005,
              29.93222540300008
            ],
            [
              80.35099491700004,
              29.948624948000035
            ],
            [
              80.32772105600003,
              29.96428794000008
            ],
            [
              80.30626334700008,
              29.98581454100003
            ],
            [
              80.2683247720001,
              30.002560920000064
            ],
            [
              80.25684497000003,
              30.009812635000063
            ],
            [
              80.22582195200005,
              30.020134822000042
            ],
            [
              80.19647964400008,
              30.02959762500007
            ],
            [
              80.16292357900005,
              30.038748443000035
            ],
            [
              80.13037698400007,
              30.04689336700005
            ],
            [
              80.10846252800009,
              30.050649074000034
            ],
            [
              80.08739106100006,
              30.053975982000054
            ],
            [
              80.05772992600004,
              30.05725380400003
            ],
            [
              80.03432890900007,
              30.05641236500003
            ],
            [
              79.99842035400007,
              30.06135630500006
            ],
            [
              79.97649628000005,
              30.06508716900004
            ],
            [
              79.95589429400007,
              30.07153862300004
            ],
            [
              79.93667687700008,
              30.073419988000072
            ],
            [
              79.89935425300007,
              30.075802574000083
            ],
            [
              79.88710859700006,
              30.079322145000045
            ],
            [
              79.87524037400004,
              30.08673976300003
            ],
            [
              79.86306641700008,
              30.09137361300003
            ],
            [
              79.84558950900004,
              30.103974790000052
            ],
            [
              79.82215299100005,
              30.105521250000034
            ],
            [
              79.79547687500008,
              30.110612793000033
            ],
            [
              79.76625602600008,
              30.11696510900003
            ],
            [
              79.73825509200003,
              30.119316891000036
            ],
            [
              79.71891122000005,
              30.130882905000078
            ],
            [
              79.70432630200008,
              30.138625296000043
            ],
            [
              79.69134461000004,
              30.13880247900005
            ],
            [
              79.67581929000005,
              30.14024310600007
            ],
            [
              79.65970821800005,
              30.14825268100003
            ],
            [
              79.62450256100006,
              30.14593964900007
            ],
            [
              79.60516643400007,
              30.14406563200004
            ],
            [
              79.58055806300007,
              30.141675892000023
            ],
            [
              79.55732918800004,
              30.151748863000027
            ],
            [
              79.53108540200003,
              30.159929150000043
            ],
            [
              79.52568295800008,
              30.172742036000045
            ],
            [
              79.51256100800003,
              30.18261879100004
            ],
            [
              79.49961264200005,
              30.191923872000075
            ],
            [
              79.49196884300005,
              30.195706301000026
            ],
            [
              79.47936170500003,
              30.20816441000005
            ],
            [
              79.47457127400008,
              30.220451767000043
            ],
            [
              79.46581727500006,
              30.24289507000003
            ],
            [
              79.45317331600006,
              30.26506099900007
            ],
            [
              79.43318620200006,
              30.29229218400008
            ],
            [
              79.41092638100008,
              30.301343661000033
            ],
            [
              79.39319770800006,
              30.31201261800004
            ],
            [
              79.37624041700008,
              30.327117626000078
            ],
            [
              79.36549112300008,
              30.33385768300008
            ],
            [
              79.33657816400006,
              30.34567813700005
            ],
            [
              79.31201570000007,
              30.35968559900005
            ],
            [
              79.29394534100004,
              30.369048557000042
            ],
            [
              79.26949126500006,
              30.37575997600004
            ],
            [
              79.24701290100006,
              30.385348371000077
            ],
            [
              79.23845799900005,
              30.40110551800007
            ],
            [
              79.22522451200007,
              30.41337442600008
            ],
            [
              79.21068172800005,
              30.422910343000073
            ],
            [
              79.18310148000006,
              30.42342000100007
            ],
            [
              79.15921210200008,
              30.444261196000074
            ],
            [
              79.10169514800003,
              30.461793126000032
            ],
            [
              79.06825582400006,
              30.467055283000033
            ],
            [
              79.04051785300004,
              30.474816463000028
            ],
            [
              79.01318416200009,
              30.479004789000047
            ],
            [
              78.98144207300004,
              30.48340900400007
            ],
            [
              78.95252362300005,
              30.490275078000025
            ],
            [
              78.92575291500003,
              30.49945208200006
            ],
            [
              78.89039514800004,
              30.506063848000053
            ],
            [
              78.85769125400003,
              30.505612418000055
            ],
            [
              78.82514173300007,
              30.508911736000073
            ],
            [
              78.80046253000006,
              30.523993056000055
            ],
            [
              78.77183875200006,
              30.53317270000008
            ],
            [
              78.74320870200006,
              30.542345227000055
            ],
            [
              78.71457237900006,
              30.55151063300008
            ],
            [
              78.69009036200003,
              30.555570133000064
            ],
            [
              78.66302851100005,
              30.56768234000003
            ],
            [
              78.63785143100006,
              30.571677569000034
            ],
            [
              78.62009129700004,
              30.584083429000035
            ],
            [
              78.60098022600006,
              30.602891287000034
            ],
            [
              78.58035525100007,
              30.63226221900004
            ],
            [
              78.55502736200003,
              30.648200001000077
            ],
            [
              78.52968981600003,
              30.664131876000056
            ],
            [
              78.50434261100008,
              30.680057843000043
            ],
            [
              78.47898574600003,
              30.69597790000006
            ],
            [
              78.45361921800009,
              30.71189204500007
            ],
            [
              78.43192606600007,
              30.72654741200006
            ],
            [
              78.41022529900005,
              30.741198403000055
            ],
            [
              78.39581268400008,
              30.764308623000034
            ],
            [
              78.38977236100004,
              30.786357475000045
            ],
            [
              78.37523071300006,
              30.805954757000052
            ],
            [
              78.35031775600004,
              30.831458015000067
            ],
            [
              78.34159893300006,
              30.846537622000028
            ],
            [
              78.33103919300004,
              30.859237769000064
            ],
            [
              78.32737256300004,
              30.868646847000036
            ],
            [
              78.31460582200003,
              30.87741715100003
            ],
            [
              78.29393196600006,
              30.896079566000026
            ],
            [
              78.27401391100005,
              30.907099743000064
            ],
            [
              78.23999927800008,
              30.934390134000065
            ],
            [
              78.21889052100005,
              30.943662680000045
            ],
            [
              78.17972244500004,
              30.959976230000052
            ],
            [
              78.16638501800008,
              30.96860347300003
            ],
            [
              78.14403162200006,
              30.986859573000057
            ],
            [
              78.12247685300008,
              30.99210734300004
            ],
            [
              78.09207808900004,
              31.009950929000073
            ],
            [
              78.06278025800003,
              31.017207904000035
            ],
            [
              78.04124623500007,
              31.022536327000065
            ],
            [
              78.02388234800003,
              31.032656449000058
            ],
            [
              78.00536909500005,
              31.044461230000028
            ],
            [
              77.98032829200008,
              31.051317663000077
            ],
            [
              77.95363297500006,
              31.05130656000006
            ],
            [
              77.91665764200008,
              31.067211548000046
            ],
            [
              77.88864174000008,
              31.070731745000046
            ],
            [
              77.86527430900003,
              31.085116367000072
            ],
            [
              77.84189879000007,
              31.099496027000043
            ],
            [
              77.82405432900003,
              31.12085864500006
            ],
            [
              77.80620068700006,
              31.14221779900004
            ],
            [
              77.78724154600008,
              31.15860999100005
            ],
            [
              77.78318883300005,
              31.17080985900003
            ],
            [
              77.77914157600003,
              31.181102844000062
            ],
            [
              77.77600809500007,
              31.188677253000037
            ],
            [
              77.76950238700005,
              31.202792015000057
            ],
            [
              77.76436763000004,
              31.21282900300002
            ],
            [
              77.75670531300005,
              31.228626997000053
            ],
            [
              77.75122504200004,
              31.24836012700007
            ],
            [
              77.73977528400007,
              31.266689021000047
            ],
            [
              77.72662377500006,
              31.286572599000067
            ],
            [
              77.71808446100005,
              31.299718742000042
            ],
            [
              77.71851729800005,
              31.310575902000043
            ],
            [
              77.71972975300008,
              31.322593947000033
            ],
            [
              77.71838137100008,
              31.333520543000073
            ],
            [
              77.71054600500008,
              31.34976522700003
            ],
            [
              77.68961857600004,
              31.36830673000003
            ],
            [
              77.66209386800006,
              31.387248062000026
            ],
            [
              77.63950538700004,
              31.401970876000064
            ],
            [
              77.61675511800007,
              31.41714171800004
            ],
            [
              77.59210616000007,
              31.427707150000064
            ],
            [
              77.57215863100004,
              31.441946289000047
            ],
            [
              77.54216107800006,
              31.45869353300003
            ],
            [
              77.52021850800008,
              31.47766206900008
            ],
            [
              77.50024569100003,
              31.48455081000003
            ],
            [
              77.47833646000004,
              31.497091542000078
            ],
            [
              77.45913854700007,
              31.51027211400003
            ],
            [
              77.43811094200005,
              31.51528741500005
            ],
            [
              77.42145831900007,
              31.51443604200006
            ],
            [
              77.41295215300005,
              31.52499651500005
            ],
            [
              77.40296021300009,
              31.539132921000032
            ],
            [
              77.39170410800006,
              31.559082998000065
            ],
            [
              77.35924413500004,
              31.58442526200002
            ],
            [
              77.35360288300006,
              31.603539987000033
            ],
            [
              77.34022564800006,
              31.622365662000053
            ],
            [
              77.34351918500005,
              31.643138301000082
            ],
            [
              77.33557930300003,
              31.660776459000036
            ],
            [
              77.33921904000005,
              31.67946079700005
            ],
            [
              77.33447966100005,
              31.69646431600006
            ],
            [
              77.31933356700006,
              31.713319984000066
            ],
            [
              77.30640688800008,
              31.723032276000026
            ],
            [
              77.29906649600008,
              31.750439382000028
            ],
            [
              77.28983204600007,
              31.766244206000064
            ],
            [
              77.27847155300003,
              31.78545633300007
            ],
            [
              77.27137308800008,
              31.80665951800006
            ],
            [
              77.25845521700006,
              31.840565362000067
            ],
            [
              77.24110621100004,
              31.863238291000073
            ],
            [
              77.22086695500008,
              31.884255140000054
            ],
            [
              77.19722425100008,
              31.89721545600003
            ],
            [
              77.13315194900008,
              31.91884842500008
            ],
            [
              77.10941734500005,
              31.925440498000057
            ],
            [
              77.09259235100006,
              31.944024126000045
            ],
            [
              77.04264586400006,
              31.943091083000073
            ],
            [
              77.01988069600003,
              31.951097763000064
            ],
            [
              76.98718548500005,
              31.954693652000064
            ],
            [
              76.96448411000006,
              31.97107235800007
            ],
            [
              76.94177367700007,
              31.98744636900005
            ],
            [
              76.92074217500004,
              32.00724437700006
            ],
            [
              76.89632562500003,
              32.02018029800007
            ],
            [
              76.87358800100003,
              32.03654021400007
            ],
            [
              76.85084130600006,
              32.052895430000035
            ],
            [
              76.82804414100008,
              32.064716281000074
            ],
            [
              76.80378509800005,
              32.07226888500003
            ],
            [
              76.77952158700003,
              32.07981651000006
            ],
            [
              76.75525360900008,
              32.08735915300008
            ],
            [
              76.73371703000004,
              32.09734206500008
            ],
            [
              76.71217520300007,
              32.10732097300007
            ],
            [
              76.68999738900004,
              32.11462594300008
            ],
            [
              76.66781562200003,
              32.12192674400006
            ],
            [
              76.64562990200005,
              32.12922337800006
            ],
            [
              76.62305720300003,
              32.13267200500008
            ],
            [
              76.61127625000006,
              32.13447007800005
            ],
            [
              76.57790611000007,
              32.139556500000026
            ],
            [
              76.55810440200008,
              32.147113922000074
            ],
            [
              76.53829904100007,
              32.15466800300004
            ],
            [
              76.51849002600005,
              32.16221874100006
            ],
            [
              76.49567422700005,
              32.168166909000036
            ],
            [
              76.46317227500003,
              32.175639628000056
            ],
            [
              76.44090494700004,
              32.185374127000046
            ],
            [
              76.41962206200003,
              32.195838698000045
            ],
            [
              76.40783938000004,
              32.20098361500004
            ],
            [
              76.37506076600005,
              32.21528675900004
            ],
            [
              76.35888755900004,
              32.22719595600006
            ],
            [
              76.34270964200005,
              32.239102778000074
            ],
            [
              76.32652701600006,
              32.25100722500002
            ],
            [
              76.30501328000008,
              32.26592778100007
            ],
            [
              76.28349169300003,
              32.28084418000003
            ],
            [
              76.26107587900003,
              32.28989240900006
            ],
            [
              76.23865510400003,
              32.298936353000045
            ],
            [
              76.21622936600005,
              32.30797601200004
            ],
            [
              76.19379867000004,
              32.31701138500006
            ],
            [
              76.17462782900003,
              32.32637205000004
            ],
            [
              76.15545259500004,
              32.33572954400006
            ],
            [
              76.13249633700008,
              32.35208145200005
            ],
            [
              76.10953088800005,
              32.36842861700006
            ],
            [
              76.09560154400003,
              32.38429922600005
            ],
            [
              76.08166678600008,
              32.40016787700006
            ],
            [
              76.06772660700007,
              32.41603456900003
            ],
            [
              76.05346159100003,
              32.432636854000066
            ],
            [
              76.03919076800008,
              32.44923707500005
            ],
            [
              76.02491413600006,
              32.46583523100003
            ],
            [
              76.00454200800004,
              32.48480410800005
            ],
            [
              75.98416039900007,
              32.503769059000035
            ],
            [
              75.9728148010001,
              32.52288625800003
            ],
            [
              75.95649001800007,
              32.53597363800003
            ],
            [
              75.94015999000004,
              32.54905858400008
            ],
            [
              75.92382471600007,
              32.562141094000026
            ],
            [
              75.90940939700005,
              32.57661699500005
            ],
            [
              75.89498895300007,
              32.59109089800006
            ],
            [
              75.88056338000007,
              32.605562803000055
            ],
            [
              75.86803180300006,
              32.61521311800004
            ],
            [
              75.85127481600006,
              32.623326347000045
            ],
            [
              75.82349555000008,
              32.627232649000064
            ],
            [
              75.80162983900004,
              32.63456398900007
            ],
            [
              75.77413610300005,
              32.64538016200004
            ],
            [
              75.74957264100004,
              32.66060389000006
            ],
            [
              75.72499998300003,
              32.67582233300004
            ],
            [
              75.70326395400008,
              32.69062661300006
            ],
            [
              75.68152000800006,
              32.70542670800006
            ],
            [
              75.65976814500004,
              32.72022261600006
            ],
            [
              75.63800836000007,
              32.73501433600006
            ],
            [
              75.62131129900007,
              32.754730660000064
            ],
            [
              75.60460613300006,
              32.774444182000025
            ],
            [
              75.59773062100004,
              32.79779596900005
            ],
            [
              75.58524478600003,
              32.816769701000055
            ],
            [
              75.56639027200004,
              32.841516699000074
            ],
            [
              75.53998504300006,
              32.857504118000065
            ],
            [
              75.52168963600008,
              32.877479006000044
            ],
            [
              75.50607766900004,
              32.890268578000075
            ],
            [
              75.48801426800003,
              32.90637176100006
            ],
            [
              75.47311823800004,
              32.92523018300005
            ],
            [
              75.45609633400005,
              32.94011904800004
            ],
            [
              75.43589361900007,
              32.95224622000006
            ],
            [
              75.42487393900007,
              32.962809022000044
            ],
            [
              75.42236338700008,
              32.977046537000035
            ],
            [
              75.42053344800007,
              33.000640506000025
            ],
            [
              75.41870244100005,
              33.02423376100006
            ],
            [
              75.41687036700006,
              33.04782630700004
            ],
            [
              75.40956924800008,
              33.07331666700003
            ],
            [
              75.40699819500003,
              33.09771335000005
            ],
            [
              75.41320303000003,
              33.12921399500004
            ],
            [
              75.39638247500005,
              33.14660945400004
            ],
            [
              75.39023774800006,
              33.15489168800008
            ],
            [
              75.37430909400007,
              33.16381197700008
            ],
            [
              75.36013998900006,
              33.17834492700007
            ],
            [
              75.34596578400004,
              33.19287598200003
            ],
            [
              75.32396276600008,
              33.20259123300008
            ],
            [
              75.30195445300006,
              33.21230240600005
            ],
            [
              75.27685476800008,
              33.22546489700005
            ],
            [
              75.25174689600004,
              33.23862202500004
            ],
            [
              75.22583539900006,
              33.24841534700005
            ],
            [
              75.19991761200004,
              33.25820306000003
            ],
            [
              75.17530002600006,
              33.263377099000024
            ],
            [
              75.15067928200006,
              33.26854614700005
            ],
            [
              75.12244082900008,
              33.275757344000056
            ],
            [
              75.09419732700009,
              33.28296195400003
            ],
            [
              75.06594878200008,
              33.29015997700003
            ],
            [
              75.03769519500008,
              33.29735140900004
            ],
            [
              75.01326955400003,
              33.30286896800004
            ],
            [
              74.98884056900005,
              33.30838161200006
            ],
            [
              74.96440824700005,
              33.31388933900007
            ],
            [
              74.93997258600008,
              33.31939214800008
            ],
            [
              74.91511594300005,
              33.327786368000034
            ],
            [
              74.89025412400008,
              33.336175454000056
            ],
            [
              74.86538713000004,
              33.34455940500004
            ],
            [
              74.84064783200006,
              33.351519117000066
            ],
            [
              74.81590426100007,
              33.35847376900006
            ],
            [
              74.79021918700005,
              33.36409944100007
            ],
            [
              74.76453052800008,
              33.369719685000064
            ],
            [
              74.73883828400005,
              33.37533449800003
            ],
            [
              74.71125653300004,
              33.37495444600006
            ],
            [
              74.68367504500003,
              33.37456817800006
            ],
            [
              74.65609382300005,
              33.37417569300004
            ],
            [
              74.63527211500008,
              33.379064938000056
            ],
            [
              74.61652158500004,
              33.383608551000066
            ],
            [
              74.59744861100006,
              33.39052740000005
            ],
            [
              74.57886157100006,
              33.403965811000035
            ],
            [
              74.54847332900005,
              33.422738639000045
            ],
            [
              74.52792022200003,
              33.439605124000025
            ],
            [
              74.50647393200006,
              33.45287229000007
            ],
            [
              74.48566794600004,
              33.47286400000008
            ],
            [
              74.47665343600005,
              33.49016649400005
            ],
            [
              74.46763504700004,
              33.507467994000024
            ],
            [
              74.45861277500006,
              33.524768503000075
            ],
            [
              74.44828532900004,
              33.54042169500008
            ],
            [
              74.43188322300006,
              33.560595686000056
            ],
            [
              74.41973285500006,
              33.57912645000005
            ],
            [
              74.41576514000008,
              33.59385663000006
            ],
            [
              74.42164306100005,
              33.605213796000044
            ],
            [
              74.42749882500004,
              33.62591621300004
            ],
            [
              74.43182377700003,
              33.64277834300003
            ],
            [
              74.42745267000004,
              33.655435727000054
            ],
            [
              74.42385975400003,
              33.670754088000024
            ],
            [
              74.41589023200004,
              33.68790053300006
            ],
            [
              74.40663458500006,
              33.705208577000064
            ],
            [
              74.39327545800006,
              33.719000496000035
            ],
            [
              74.38215342800004,
              33.73094217500005
            ],
            [
              74.36603319900007,
              33.746428829000024
            ],
            [
              74.35535507500003,
              33.77391779200008
            ],
            [
              74.35527886300008,
              33.79944038200006
            ],
            [
              74.35350211400004,
              33.82194324900007
            ],
            [
              74.33811104600005,
              33.84032527200003
            ],
            [
              74.32802616200007,
              33.85530465900007
            ],
            [
              74.32018541400004,
              33.869460884000034
            ],
            [
              74.30238982000003,
              33.89162319600007
            ],
            [
              74.28296400800008,
              33.903755353000065
            ],
            [
              74.27161373100006,
              33.920031669000025
            ],
            [
              74.26931075900006,
              33.93814571200005
            ],
            [
              74.25331128700003,
              33.95540735700007
            ],
            [
              74.23121726500005,
              33.958730063000075
            ],
            [
              74.21200895300008,
              33.974581028000046
            ],
            [
              74.18772467000008,
              33.97717864100008
            ],
            [
              74.16987683100007,
              33.97897212100003
            ],
            [
              74.14776835900005,
              33.97916969100004
            ],
            [
              74.13477351700004,
              33.98565999900006
            ],
            [
              74.13350739800006,
              34.001091994000035
            ],
            [
              74.12742449500007,
              34.01478633200003
            ],
            [
              74.12990341900007,
              34.034633470000074
            ],
            [
              74.12498724300008,
              34.053061710000065
            ],
            [
              74.10807717200004,
              34.063166301000024
            ],
            [
              74.09593056000006,
              34.081027180000035
            ],
            [
              74.07489790200003,
              34.087882784000044
            ],
            [
              74.06378064900008,
              34.098797131000026
            ],
            [
              74.05099393600005,
              34.109279008000044
            ],
            [
              74.03987042800003,
              34.12019098600007
            ],
            [
              74.02424530400003,
              34.12550336600003
            ],
            [
              74.01876163300005,
              34.129993908000074
            ],
            [
              74.01254250300008,
              34.13478638600003
            ],
            [
              74.00557006200006,
              34.138398264000045
            ],
            [
              73.99752078900008,
              34.144686526000044
            ],
            [
              73.98595694100004,
              34.15055592600004
            ],
            [
              73.96983458500006,
              34.16164679600007
            ],
            [
              73.94963793900008,
              34.17217190700006
            ],
            [
              73.93275425600007,
              34.18207715800003
            ],
            [
              73.90908039700008,
              34.19662262700007
            ],
            [
              73.88976744300004,
              34.20490773900008
            ],
            [
              73.86682792100004,
              34.22358246600004
            ],
            [
              73.83677871100008,
              34.22808269300003
            ],
            [
              73.81838189400008,
              34.237091752000026
            ],
            [
              73.80900127700005,
              34.242041046000054
            ],
            [
              73.79977252000003,
              34.24357919600004
            ],
            [
              73.78487109600007,
              34.251524404000065
            ],
            [
              73.75536925900008,
              34.26058867300003
            ],
            [
              73.74420974800006,
              34.274437040000066
            ],
            [
              73.73733976700004,
              34.29285590100005
            ],
            [
              73.73688501600003,
              34.30456865600007
            ],
            [
              73.73888761100005,
              34.32234514500004
            ],
            [
              73.74272911400004,
              34.338628904000075
            ],
            [
              73.73857280400006,
              34.350361633000034
            ],
            [
              73.74145794400005,
              34.36294473300006
            ],
            [
              73.73952720600005,
              34.37525781200003
            ],
            [
              73.73723310700007,
              34.38846203800006
            ],
            [
              73.74033909500008,
              34.40504542200006
            ],
            [
              73.73984588300004,
              34.41231077200007
            ],
            [
              73.73809515500005,
              34.424177662000034
            ],
            [
              73.73209325300007,
              34.43740154100004
            ],
            [
              73.72158547700008,
              34.449637549000045
            ],
            [
              73.69713194200006,
              34.46139038800004
            ],
            [
              73.67267116600004,
              34.47313829500007
            ],
            [
              73.64820314900004,
              34.48488126700005
            ],
            [
              73.62691624000007,
              34.492159041000036
            ],
            [
              73.60562542700006,
              34.499433123000074
            ],
            [
              73.58433070900003,
              34.50670351100007
            ],
            [
              73.57196418900008,
              34.516085642000064
            ],
            [
              73.55959474100007,
              34.52546646900004
            ],
            [
              73.53607902100003,
              34.533282040000074
            ],
            [
              73.51255866500003,
              34.541093111000066
            ],
            [
              73.49365808300007,
              34.54663167700005
            ],
            [
              73.48042611800008,
              34.54837276600006
            ],
            [
              73.47119609400005,
              34.55766621500004
            ],
            [
              73.46175367800004,
              34.57122019800005
            ],
            [
              73.45873343100004,
              34.58302366000004
            ],
            [
              73.45345955800008,
              34.58742726500003
            ],
            [
              73.44450618500008,
              34.60074341200004
            ],
            [
              73.42222030500005,
              34.612728669000035
            ],
            [
              73.40348178500005,
              34.61696542200008
            ],
            [
              73.39119198700007,
              34.62051857600005
            ],
            [
              73.38051524700006,
              34.62761246300005
            ],
            [
              73.36163372000004,
              34.63383902400005
            ],
            [
              73.35108715900003,
              34.63710585200005
            ],
            [
              73.33599592900003,
              34.63806683200006
            ],
            [
              73.31328224200007,
              34.65182291900004
            ],
            [
              73.29590988500007,
              34.66760204800005
            ],
            [
              73.27923341700006,
              34.685414783000056
            ],
            [
              73.26926114300005,
              34.692656001000046
            ],
            [
              73.25789637200006,
              34.701380423000046
            ],
            [
              73.23860999300007,
              34.70307713500006
            ],
            [
              73.22118834000008,
              34.707731961000036
            ],
            [
              73.20168181900006,
              34.71738774900007
            ],
            [
              73.18518111500003,
              34.71981376400004
            ],
            [
              73.17123849400008,
              34.72353179600003
            ],
            [
              73.15574751500003,
              34.739687031000074
            ],
            [
              73.14226331500004,
              34.74851799000004
            ],
            [
              73.13566498700004,
              34.76010953200006
            ],
            [
              73.12703687000004,
              34.770004647000064
            ],
            [
              73.12107886600006,
              34.78201578200003
            ],
            [
              73.11453087500007,
              34.79328875500005
            ],
            [
              73.11067122000003,
              34.803949601000056
            ],
            [
              73.10695632700003,
              34.817286101000036
            ],
            [
              73.10305158100005,
              34.82662200100003
            ],
            [
              73.09300312900007,
              34.84321964600008
            ],
            [
              73.08369351300007,
              34.85359336000005
            ],
            [
              73.06618426800003,
              34.86870833100005
            ],
            [
              73.05519092400004,
              34.883080122000024
            ],
            [
              73.04011897300006,
              34.903462363000074
            ],
            [
              73.02807407600005,
              34.91380671100006
            ],
            [
              73.0193211040001,
              34.925172865000036
            ],
            [
              73.00855818300005,
              34.93289697300003
            ],
            [
              72.99457523700005,
              34.94603062500005
            ],
            [
              72.98430856100003,
              34.955654942000024
            ],
            [
              72.96564196700007,
              34.96749477800006
            ],
            [
              72.95331793700007,
              34.97607786100008
            ],
            [
              72.94258062200004,
              34.98236484500006
            ],
            [
              72.91960556000004,
              34.99626765600004
            ],
            [
              72.90168363300006,
              35.003341731000035
            ],
            [
              72.89792523700005,
              35.00566361500006
            ],
            [
              72.87767972600005,
              35.00942496400006
            ],
            [
              72.85816572600005,
              35.008980414000064
            ],
            [
              72.83865194600008,
              35.00853281700006
            ],
            [
              72.80889966200004,
              35.00644189900004
            ],
            [
              72.78901496200007,
              35.00683830200006
            ],
            [
              72.76895568100008,
              35.00665278100007
            ],
            [
              72.74337823700006,
              35.00822099800007
            ],
            [
              72.71781250800007,
              35.006821099000035
            ],
            [
              72.69748322900006,
              35.00335705500004
            ],
            [
              72.66695365400005,
              34.997550957000044
            ],
            [
              72.65403444900005,
              34.995669330000055
            ],
            [
              72.63741164200007,
              34.99813325700006
            ],
            [
              72.61966963300006,
              35.00029477600003
            ],
            [
              72.59919178800004,
              35.000136413000064
            ],
            [
              72.57464306000003,
              35.00798125800003
            ],
            [
              72.55971096800005,
              35.007922859000075
            ],
            [
              72.53933978200008,
              35.01184028000006
            ],
            [
              72.52307931000007,
              35.01488309400003
            ],
            [
              72.50620687100009,
              35.025180258000034
            ],
            [
              72.49126094600007,
              35.026595100000065
            ],
            [
              72.46881343000007,
              35.032417516000066
            ],
            [
              72.44379227500008,
              35.03259381100003
            ],
            [
              72.41859269700007,
              35.031727174000025
            ],
            [
              72.38737387300006,
              35.03615667200006
            ],
            [
              72.36363361700006,
              35.03913855500008
            ],
            [
              72.34140422800004,
              35.04005054100003
            ],
            [
              72.33090945100008,
              35.04413821600008
            ],
            [
              72.31421055800007,
              35.052484572000026
            ],
            [
              72.29731706900003,
              35.061271927000064
            ],
            [
              72.27488948400008,
              35.06261535700003
            ],
            [
              72.25865339400008,
              35.061179640000034
            ],
            [
              72.24581635400006,
              35.05620838900006
            ],
            [
              72.23352415700003,
              35.052868981000074
            ],
            [
              72.22289333000003,
              35.05146532400005
            ],
            [
              72.21443163300006,
              35.05027907300007
            ],
            [
              72.19689148800006,
              35.05528940700003
            ],
            [
              72.17921739900004,
              35.065833274000056
            ],
            [
              72.16495815100006,
              35.071362054000076
            ],
            [
              72.15111480900003,
              35.07304045400008
            ],
            [
              72.14046549800008,
              35.07311114000004
            ],
            [
              72.12009201000006,
              35.07399744500003
            ],
            [
              72.11149263700008,
              35.078429742000026
            ],
            [
              72.09997649700006,
              35.08436367400003
            ],
            [
              72.07403179000005,
              35.08223692900003
            ],
            [
              72.05667821500003,
              35.080469976000074
            ],
            [
              72.03894031100003,
              35.079586361000054
            ],
            [
              72.02102963200008,
              35.07766177900004
            ],
            [
              72.00167699900004,
              35.07187066600005
            ],
            [
              71.98371741900007,
              35.060014385000045
            ],
            [
              71.95688112100004,
              35.05563335100004
            ],
            [
              71.93401799600008,
              35.04787476100006
            ],
            [
              71.91613855100007,
              35.044453813000075
            ],
            [
              71.89401203200003,
              35.037879718000056
            ],
            [
              71.87987065800007,
              35.034488199000066
            ],
            [
              71.85967525500007,
              35.03637082200004
            ],
            [
              71.83459524200003,
              35.05850663200005
            ],
            [
              71.82234999000008,
              35.05882377700005
            ],
            [
              71.80947063600007,
              35.05825167900008
            ],
            [
              71.77209434700006,
              35.04794750000008
            ],
            [
              71.74080392100007,
              35.03162174800008
            ],
            [
              71.71575170400007,
              35.02246642600005
            ],
            [
              71.67705658900007,
              35.02515709100004
            ],
            [
              71.66156512400005,
              35.02483717900003
            ],
            [
              71.62927318000004,
              35.02432482900008
            ],
            [
              71.59703654200007,
              35.02084159300006
            ],
            [
              71.57391261200007,
              35.01938442200003
            ],
            [
              71.55418888200006,
              35.015889585000025
            ],
            [
              71.54341850800006,
              35.01771764500006
            ],
            [
              71.53009047100005,
              35.02147393700005
            ],
            [
              71.52254858400005,
              35.02894034100007
            ],
            [
              71.51305486800004,
              35.03833632900006
            ],
            [
              71.49711181000004,
              35.043929124000044
            ],
            [
              71.48298275100007,
              35.04402228400005
            ],
            [
              71.47108212600006,
              35.04971367700006
            ],
            [
              71.45917854600003,
              35.056451749000075
            ],
            [
              71.42981012700005,
              35.06429836500007
            ],
            [
              71.40902927500008,
              35.06619661600007
            ],
            [
              71.37019118200004,
              35.069734829000026
            ],
            [
              71.35940371200007,
              35.07069560700006
            ],
            [
              71.33691624300008,
              35.067388476000076
            ],
            [
              71.31553647400006,
              35.06475941200006
            ],
            [
              71.29880257800005,
              35.061191896000025
            ],
            [
              71.27715871900006,
              35.05177400700006
            ],
            [
              71.25826987500005,
              35.04461434900003
            ],
            [
              71.24309657700007,
              35.034394150000026
            ],
            [
              71.22385478300004,
              35.03373344100004
            ],
            [
              71.20431044700007,
              35.033937148000064
            ],
            [
              71.18597139900004,
              35.02766348500006
            ],
            [
              71.16305722100003,
              35.01376117800004
            ],
            [
              71.14647593200004,
              35.00873334600004
            ],
            [
              71.13060891000003,
              35.00648690200006
            ],
            [
              71.11580590500006,
              35.00492453100003
            ],
            [
              71.09682237000004,
              34.996960493000074
            ],
            [
              71.08235262200003,
              34.99278641700005
            ],
            [
              71.05912243900008,
              34.99303008500004
            ],
            [
              71.04539748400003,
              34.99325464300006
            ],
            [
              71.02436555800006,
              34.99091423700003
            ],
            [
              70.99842559700005,
              34.96392872200005
            ],
            [
              70.97678152000003,
              34.946233077000045
            ],
            [
              70.95522359700004,
              34.93205662500003
            ],
            [
              70.94130543800003,
              34.918482907000055
            ],
            [
              70.92739206700003,
              34.904907507000075
            ],
            [
              70.91563533700008,
              34.888376282000024
            ],
            [
              70.90388353100008,
              34.871843752000075
            ],
            [
              70.89168058400004,
              34.86223026600005
            ],
            [
              70.87948060800005,
              34.85261551900004
            ],
            [
              70.86596500700006,
              34.83698143900006
            ],
            [
              70.85245475700003,
              34.82134571400008
            ],
            [
              70.83475261700005,
              34.80397944600003
            ],
            [
              70.81705825800003,
              34.78661044300003
            ],
            [
              70.79937167500003,
              34.76923870300005
            ],
            [
              70.77153636200006,
              34.76152132300007
            ],
            [
              70.74370648300004,
              34.75379768300007
            ],
            [
              70.72415675800005,
              34.752189214000055
            ],
            [
              70.69297914400005,
              34.74961756900007
            ],
            [
              70.67226802900007,
              34.74294535300004
            ],
            [
              70.64225718100005,
              34.745416800000044
            ],
            [
              70.61734267100007,
              34.74771854100004
            ],
            [
              70.57962659200007,
              34.75244026900003
            ],
            [
              70.55989636900006,
              34.76534589600004
            ],
            [
              70.53531728200005,
              34.770004716000074
            ],
            [
              70.51073529900003,
              34.77465867300003
            ],
            [
              70.48530525200005,
              34.778747915000054
            ],
            [
              70.45987257500008,
              34.78283195600005
            ],
            [
              70.43443727200008,
              34.786910800000044
            ],
            [
              70.41336268000003,
              34.781410694000044
            ],
            [
              70.39229102100006,
              34.77590700400003
            ],
            [
              70.36423692100004,
              34.78365021800005
            ],
            [
              70.33617732400006,
              34.791387075000046
            ],
            [
              70.30811223500007,
              34.79911757200006
            ],
            [
              70.28004165700008,
              34.80684171000008
            ],
            [
              70.25491249400005,
              34.80601262600004
            ],
            [
              70.22978385900007,
              34.80517848000005
            ],
            [
              70.20465575700007,
              34.80433927200005
            ],
            [
              70.17284757000004,
              34.80360292600005
            ],
            [
              70.14103997800004,
              34.80285847000005
            ],
            [
              70.10923298900008,
              34.80210590300004
            ],
            [
              70.07742660900004,
              34.801345225000034
            ],
            [
              70.04562084500003,
              34.800576437000075
            ],
            [
              70.01854219300003,
              34.79136711600006
            ],
            [
              69.99215885900003,
              34.78738614300005
            ],
            [
              69.95574987600008,
              34.782705849000024
            ],
            [
              69.92204735500007,
              34.78030652800004
            ],
            [
              69.88499234900007,
              34.788965587000064
            ],
            [
              69.86690306200006,
              34.79979396600004
            ],
            [
              69.84880881600003,
              34.810619633000044
            ],
            [
              69.83070961300007,
              34.82144258900007
            ],
            [
              69.81834172300006,
              34.83697878000004
            ],
            [
              69.80596896700008,
              34.85251356800006
            ],
            [
              69.79107612400003,
              34.87419863400004
            ],
            [
              69.77617509700008,
              34.89588158200007
            ],
            [
              69.76384816700005,
              34.91376969400005
            ],
            [
              69.75151564700008,
              34.93165636100008
            ],
            [
              69.73917753300003,
              34.94954158500008
            ],
            [
              69.72899130300004,
              34.972834791000025
            ],
            [
              69.71305462200007,
              34.99392461900004
            ],
            [
              69.69175406400007,
              35.01048453800007
            ],
            [
              69.67894298800007,
              35.02847187200007
            ],
            [
              69.65689669700004,
              35.05233233600006
            ],
            [
              69.62933364800006,
              35.057694801000025
            ],
            [
              69.60232342700004,
              35.06538076900006
            ],
            [
              69.57153666300007,
              35.07053049500007
            ],
            [
              69.54156164000005,
              35.07224047500006
            ],
            [
              69.52138913900008,
              35.07658246900007
            ],
            [
              69.50761160500008,
              35.08156598000005
            ],
            [
              69.49142150800003,
              35.093335068000044
            ],
            [
              69.47287756000003,
              35.10844080000004
            ],
            [
              69.45438214600006,
              35.123152928000025
            ],
            [
              69.43587981500008,
              35.13786218300004
            ],
            [
              69.41438572500005,
              35.147715654000024
            ],
            [
              69.39802855400006,
              35.15910600400008
            ],
            [
              69.37150862800007,
              35.170928494000066
            ],
            [
              69.33453987800004,
              35.17581342500006
            ],
            [
              69.30261161700008,
              35.173768204000055
            ],
            [
              69.27068502100008,
              35.17171484900007
            ],
            [
              69.24679047900008,
              35.16433292800008
            ],
            [
              69.22290042300006,
              35.156946418000075
            ],
            [
              69.19901485700007,
              35.149555320000054
            ],
            [
              69.17936658400004,
              35.14277019800005
            ],
            [
              69.15349221400004,
              35.139403206000054
            ],
            [
              69.13162277200007,
              35.13473561300003
            ],
            [
              69.10235901000004,
              35.13066475800008
            ],
            [
              69.08001872100004,
              35.12615840600006
            ],
            [
              69.05516842500003,
              35.12277235600004
            ],
            [
              69.03339305200006,
              35.118738860000065
            ],
            [
              69.00817779600004,
              35.111161853000056
            ],
            [
              68.98008657000008,
              35.100520741000025
            ],
            [
              68.96259542100006,
              35.09744798300005
            ],
            [
              68.93450106600005,
              35.089298056000075
            ],
            [
              68.91166792200005,
              35.076775277000024
            ],
            [
              68.87893763000005,
              35.07253611600004
            ],
            [
              68.85148348400003,
              35.07458191100005
            ],
            [
              68.80808249500006,
              35.06459003800006
            ],
            [
              68.78348331600006,
              35.05494832000005
            ],
            [
              68.74679352700008,
              35.04006633400007
            ],
            [
              68.71998878000005,
              35.03255968600007
            ],
            [
              68.69339419000005,
              35.021347244000026
            ],
            [
              68.67288260500004,
              35.01636649400007
            ],
            [
              68.64583392700007,
              35.01346885100003
            ],
            [
              68.62769056200007,
              35.01421766300007
            ],
            [
              68.59918950200006,
              35.014316948000044
            ],
            [
              68.56790647300005,
              35.01199276300008
            ],
            [
              68.54186948200004,
              35.01188935300007
            ],
            [
              68.51263251200004,
              35.00044901800004
            ],
            [
              68.48988941400006,
              34.991926920000026
            ],
            [
              68.46148824300008,
              34.98041177700003
            ],
            [
              68.43383179300008,
              34.97225431100003
            ],
            [
              68.40249215400007,
              34.96923693200006
            ],
            [
              68.37322730900007,
              34.962766929000054
            ],
            [
              68.34706169100008,
              34.95724103600003
            ],
            [
              68.32381657500008,
              34.94978081000005
            ],
            [
              68.30147379600004,
              34.942906622000066
            ],
            [
              68.27564943100003,
              34.94154987100006
            ],
            [
              68.25646199100004,
              34.934695410000074
            ],
            [
              68.22844993600006,
              34.93862153400005
            ],
            [
              68.20144283100007,
              34.92997251500003
            ],
            [
              68.18325705800004,
              34.925926580000066
            ],
            [
              68.16041757400006,
              34.92169549400006
            ],
            [
              68.12277248200007,
              34.921047850000036
            ],
            [
              68.09266990200007,
              34.915497077000055
            ],
            [
              68.06591177700005,
              34.90877462400005
            ],
            [
              68.04207036800005,
              34.90577935700003
            ],
            [
              68.01139947900003,
              34.903801617000056
            ],
            [
              67.98753109500007,
              34.89764226300008
            ],
            [
              67.9669924660001,
              34.88873969700006
            ],
            [
              67.93898804900005,
              34.87813667100005
            ],
            [
              67.91432675400006,
              34.87359916400004
            ],
            [
              67.89941581400006,
              34.87335455900006
            ],
            [
              67.88824223500006,
              34.87836292900005
            ],
            [
              67.86677868500004,
              34.87980574100004
            ],
            [
              67.84706081600007,
              34.88107527000005
            ],
            [
              67.83275794200006,
              34.88495389600007
            ],
            [
              67.82001104000005,
              34.890725031000045
            ],
            [
              67.79582579800007,
              34.89480776900007
            ],
            [
              67.76317363900006,
              34.90158712500005
            ],
            [
              67.73245668500005,
              34.90102468500004
            ],
            [
              67.71813044400005,
              34.90486288100005
            ],
            [
              67.70539283200003,
              34.914417714000024
            ],
            [
              67.70021526400006,
              34.92348335400004
            ],
            [
              67.69137595600006,
              34.93187163600004
            ],
            [
              67.68753809300006,
              34.941420780000044
            ],
            [
              67.68382265200006,
              34.95358682400007
            ],
            [
              67.67692555200006,
              34.96885209000004
            ],
            [
              67.68019280500005,
              34.97915000100005
            ],
            [
              67.68225183200008,
              34.99433087600005
            ],
            [
              67.68431165400006,
              35.00951155700005
            ],
            [
              67.69501696500004,
              35.02616833700006
            ],
            [
              67.70572680300006,
              35.04282401100005
            ],
            [
              67.71761871600006,
              35.060671313000064
            ],
            [
              67.72951601900007,
              35.07851727000008
            ],
            [
              67.74141871800003,
              35.09636188400003
            ],
            [
              67.76560527200007,
              35.10390155300007
            ],
            [
              67.78979646000005,
              35.11143651300006
            ],
            [
              67.81399228000004,
              35.11896676300006
            ],
            [
              67.84135663200004,
              35.11817958700005
            ],
            [
              67.86872043500006,
              35.117386434000025
            ],
            [
              67.89608368400008,
              35.11658730200003
            ],
            [
              67.91987757400005,
              35.11896902500007
            ],
            [
              67.94367290400004,
              35.12134622500003
            ],
            [
              67.96675868000005,
              35.11977206800003
            ],
            [
              67.98984353200007,
              35.118193656000074
            ],
            [
              68.01292745600006,
              35.11661098700006
            ],
            [
              68.03306298500007,
              35.12929689300006
            ],
            [
              68.05320500900007,
              35.14197945700005
            ],
            [
              68.07335352800004,
              35.15465867800003
            ],
            [
              68.08806031000006,
              35.16200135100007
            ],
            [
              68.10002435200005,
              35.17122593500005
            ],
            [
              68.12335180800005,
              35.18445666200006
            ],
            [
              68.14613574000003,
              35.19751302100008
            ],
            [
              68.17110289200008,
              35.208721996000065
            ],
            [
              68.19089807200004,
              35.21883517100008
            ],
            [
              68.21247661700005,
              35.23049688300006
            ],
            [
              68.23299024800008,
              35.24433805000007
            ],
            [
              68.24998474600005,
              35.25759575700005
            ],
            [
              68.27612394400008,
              35.27164455500008
            ],
            [
              68.30059205400006,
              35.28790849500007
            ],
            [
              68.31525991100007,
              35.302583682000034
            ],
            [
              68.32993325300004,
              35.31725702400007
            ],
            [
              68.34461208400006,
              35.331928524000034
            ],
            [
              68.36483366800007,
              35.34680184800004
            ],
            [
              68.38506292000005,
              35.361671786000045
            ],
            [
              68.40567865700007,
              35.373572556000056
            ],
            [
              68.42630065300006,
              35.38546986100005
            ],
            [
              68.44899021100008,
              35.38976318600004
            ],
            [
              68.47488778500008,
              35.39677194500007
            ],
            [
              68.49118099800006,
              35.40360934100005
            ],
            [
              68.51533499700008,
              35.417589871000075
            ],
            [
              68.52783058100005,
              35.439004269000066
            ],
            [
              68.54448301300005,
              35.45685141800004
            ],
            [
              68.56114303500004,
              35.47469618400004
            ],
            [
              68.59445397000007,
              35.478269787000045
            ],
            [
              68.62575605300003,
              35.47454670800005
            ],
            [
              68.65632523400006,
              35.47668556100007
            ],
            [
              68.68487876700004,
              35.47153006100007
            ],
            [
              68.71342853900006,
              35.466368070000044
            ],
            [
              68.73861935700006,
              35.46601898900008
            ],
            [
              68.76696672100007,
              35.466544203000076
            ],
            [
              68.79512208100005,
              35.47866995000004
            ],
            [
              68.82629999500006,
              35.48397023100006
            ],
            [
              68.85825810900008,
              35.48605980000008
            ],
            [
              68.88936069900006,
              35.493208322000044
            ],
            [
              68.92393883000005,
              35.501389553000024
            ],
            [
              68.95318633700003,
              35.50827564200006
            ],
            [
              68.98610282700008,
              35.512494254000046
            ],
            [
              69.01453390300003,
              35.51943197600008
            ],
            [
              69.04345963600008,
              35.523692389000075
            ],
            [
              69.07524160400004,
              35.53192709900003
            ],
            [
              69.09891779200007,
              35.53554522500008
            ],
            [
              69.11929988400006,
              35.53692529500006
            ],
            [
              69.14014124200008,
              35.54092792100005
            ],
            [
              69.16076720900003,
              35.54845947500007
            ],
            [
              69.18723750300006,
              35.549657549000074
            ],
            [
              69.21370860600007,
              35.55085006100006
            ],
            [
              69.24018051300004,
              35.55203701000005
            ],
            [
              69.26665322300005,
              35.55321839700008
            ],
            [
              69.29161384100007,
              35.55809438600005
            ],
            [
              69.31657757000006,
              35.56296541700004
            ],
            [
              69.34154440600008,
              35.56783149000006
            ],
            [
              69.34692075400005,
              35.570568593000075
            ],
            [
              69.35714659800004,
              35.57869410200004
            ],
            [
              69.36117480800004,
              35.58143709900003
            ],
            [
              69.36843943900004,
              35.58638310400005
            ],
            [
              69.38989876300008,
              35.59535517300003
            ],
            [
              69.40017425600007,
              35.604189630000064
            ],
            [
              69.41315399700005,
              35.61482035000006
            ],
            [
              69.41636046600007,
              35.623567308000084
            ],
            [
              69.41859194500007,
              35.630626274000065
            ],
            [
              69.41945740200003,
              35.63468199000005
            ],
            [
              69.42377726700005,
              35.63895580900004
            ],
            [
              69.44316441300003,
              35.66133407500007
            ],
            [
              69.44416448700008,
              35.66876384400007
            ],
            [
              69.44592903100005,
              35.67948366000007
            ],
            [
              69.44072592600008,
              35.69095228500004
            ],
            [
              69.44823880000007,
              35.70776381100006
            ],
            [
              69.44872626300008,
              35.723307170000055
            ],
            [
              69.44533745000007,
              35.73951013800007
            ],
            [
              69.43894129600005,
              35.74759099800008
            ],
            [
              69.43076145100008,
              35.757922407000024
            ],
            [
              69.42566728400004,
              35.768611675000045
            ],
            [
              69.42170462300004,
              35.77775888900004
            ],
            [
              69.41771373100005,
              35.78558175000006
            ],
            [
              69.39855544300008,
              35.79626137900004
            ],
            [
              69.39026042800003,
              35.80599661800005
            ],
            [
              69.38254503700007,
              35.815048887000046
            ],
            [
              69.36815311900006,
              35.81825280100003
            ],
            [
              69.33475473000004,
              35.81765557400007
            ],
            [
              69.31950548200007,
              35.82423285500005
            ],
            [
              69.30920140100005,
              35.83244822800004
            ],
            [
              69.30325896100004,
              35.84069974300007
            ],
            [
              69.30621954100008,
              35.847826173000044
            ],
            [
              69.31052797200005,
              35.86129005600003
            ],
            [
              69.31523572700007,
              35.868930962000036
            ],
            [
              69.32321831600007,
              35.87722400400003
            ],
            [
              69.34034457000007,
              35.890012229000035
            ],
            [
              69.34416673300007,
              35.903974137000034
            ],
            [
              69.35105098900004,
              35.91917824700005
            ],
            [
              69.35449279700003,
              35.92792661000004
            ],
            [
              69.35916670300003,
              35.93980336200008
            ],
            [
              69.36153797400004,
              35.94797111300005
            ],
            [
              69.36055683500007,
              35.956684540000026
            ],
            [
              69.36227141200004,
              35.967633404000026
            ],
            [
              69.36828529000007,
              35.97480238300005
            ],
            [
              69.37518703200004,
              35.98011392700005
            ],
            [
              69.38235668400006,
              35.986471051000024
            ],
            [
              69.38442073700003,
              35.99682849800007
            ],
            [
              69.38639779600004,
              36.006035048000065
            ],
            [
              69.38654132500005,
              36.024563570000055
            ],
            [
              69.39601168900003,
              36.04230966800003
            ],
            [
              69.40527092400004,
              36.05792630600007
            ],
            [
              69.40204209300003,
              36.079879703000074
            ],
            [
              69.39409255800007,
              36.10062239400003
            ],
            [
              69.37894277500004,
              36.11305559200008
            ],
            [
              69.37605182900006,
              36.12408377700007
            ],
            [
              69.37184532400005,
              36.14035186800004
            ],
            [
              69.36649559800003,
              36.160307051000075
            ],
            [
              69.36667395100005,
              36.170574212000076
            ],
            [
              69.36691153400005,
              36.176005307000025
            ],
            [
              69.36236983200007,
              36.18841900100006
            ],
            [
              69.36039314100003,
              36.201248253000074
            ],
            [
              69.36008416600004,
              36.21463147400004
            ],
            [
              69.36109849900004,
              36.22915314900007
            ],
            [
              69.36187782600007,
              36.24165785200006
            ],
            [
              69.35991796600007,
              36.24813448000003
            ],
            [
              69.35989548200007,
              36.25337848400005
            ],
            [
              69.36021024100006,
              36.25752113100003
            ],
            [
              69.36157789300006,
              36.26227217400003
            ],
            [
              69.36372544900007,
              36.26500132900003
            ],
            [
              69.36757936800007,
              36.26657992000003
            ],
            [
              69.37549509600007,
              36.27170166700006
            ],
            [
              69.38813341000008,
              36.27740035900007
            ],
            [
              69.39467825600008,
              36.28191499800005
            ],
            [
              69.40012854900004,
              36.287108930000045
            ],
            [
              69.40778371800008,
              36.29686053200004
            ],
            [
              69.42430025600004,
              36.313371940000025
            ],
            [
              69.43872116600005,
              36.32905204000008
            ],
            [
              69.45865984100004,
              36.33579966700006
            ],
            [
              69.47956470100007,
              36.34139619000007
            ],
            [
              69.50188804600003,
              36.352268845000026
            ],
            [
              69.51873161700007,
              36.36320098600004
            ],
            [
              69.54291203700006,
              36.369736913000054
            ],
            [
              69.55805262700005,
              36.38123452600007
            ],
            [
              69.57389594100005,
              36.39073474400004
            ],
            [
              69.58815118500007,
              36.399271189000046
            ],
            [
              69.60425553700003,
              36.405180949000055
            ],
            [
              69.62465428100006,
              36.412664352000036
            ],
            [
              69.64637036000005,
              36.420752022000045
            ],
            [
              69.67181306000003,
              36.42602245700005
            ],
            [
              69.68874203100006,
              36.43064083000007
            ],
            [
              69.70395116800006,
              36.43661888200006
            ],
            [
              69.72957532700008,
              36.44334888900005
            ],
            [
              69.75877061000006,
              36.449958399000025
            ],
            [
              69.78601409100008,
              36.45711846900008
            ],
            [
              69.81612215000007,
              36.45960554000004
            ],
            [
              69.82941225500008,
              36.457543100000066
            ],
            [
              69.83989597500005,
              36.45706745600006
            ],
            [
              69.84972958400004,
              36.45850015600007
            ],
            [
              69.85953439200007,
              36.464315688000056
            ],
            [
              69.86817573500008,
              36.47069380700003
            ],
            [
              69.88029238900003,
              36.481533813000055
            ],
            [
              69.88714367800003,
              36.490718136000055
            ],
            [
              69.89566380700008,
              36.499253698000075
            ],
            [
              69.90549881400005,
              36.50629551000003
            ],
            [
              69.91427298900004,
              36.51627270000006
            ],
            [
              69.93367418200006,
              36.52282816600007
            ],
            [
              69.94585095100007,
              36.53301305100007
            ],
            [
              69.95935702100007,
              36.54262976800004
            ],
            [
              69.96140608500008,
              36.55875590200003
            ],
            [
              69.96461892100007,
              36.58272458000005
            ],
            [
              69.96376968200008,
              36.58758807000004
            ],
            [
              69.96302460300006,
              36.591854538000064
            ],
            [
              69.96404281900004,
              36.60538491400007
            ],
            [
              69.96404386400008,
              36.60538792500006
            ],
            [
              69.96404322200004,
              36.60539280000006
            ],
            [
              69.96383661700008,
              36.61056345500003
            ],
            [
              69.96326554500007,
              36.61618701400005
            ],
            [
              69.97060016900008,
              36.62726514700006
            ],
            [
              69.97324547100004,
              36.637400324000055
            ],
            [
              69.97188972200007,
              36.64459524500006
            ],
            [
              69.97232027500007,
              36.65289963400005
            ],
            [
              69.97329606900007,
              36.666265517000056
            ],
            [
              69.98070516400003,
              36.67593348600008
            ],
            [
              69.99591896200008,
              36.68045989800004
            ],
            [
              70.01087882900003,
              36.67828499800004
            ],
            [
              70.03311921800008,
              36.66973005600005
            ],
            [
              70.05327470700007,
              36.66431713900005
            ],
            [
              70.07009680300007,
              36.65673681800007
            ],
            [
              70.08517537300008,
              36.65744366100006
            ],
            [
              70.11298615300007,
              36.65838330300006
            ],
            [
              70.13075152300007,
              36.656658520000065
            ],
            [
              70.14988703900008,
              36.65296519300006
            ],
            [
              70.16863191300007,
              36.659652547000064
            ],
            [
              70.18882209800006,
              36.666806509000025
            ],
            [
              70.20207938000004,
              36.673711566000065
            ],
            [
              70.22648878200005,
              36.67944890500007
            ],
            [
              70.24526283200004,
              36.692992950000075
            ],
            [
              70.25839897200007,
              36.70246350100007
            ],
            [
              70.26444823200006,
              36.70945977100007
            ],
            [
              70.28447433000008,
              36.722401640000044
            ],
            [
              70.29553091300005,
              36.73897087000007
            ],
            [
              70.30007027600004,
              36.75468883800005
            ],
            [
              70.31347374000006,
              36.765676420000034
            ],
            [
              70.32656180000004,
              36.78064498700007
            ],
            [
              70.33609748000003,
              36.78481824000005
            ],
            [
              70.35191974100007,
              36.78758506600008
            ],
            [
              70.37233302600005,
              36.79222874200008
            ],
            [
              70.38149804600005,
              36.798272816000065
            ],
            [
              70.40162170700006,
              36.805863550000026
            ],
            [
              70.41416504200004,
              36.806747649000044
            ],
            [
              70.42317471200005,
              36.80738191300003
            ],
            [
              70.43364584200003,
              36.808118250000064
            ],
            [
              70.44753257800005,
              36.810609310000075
            ],
            [
              70.45696439700004,
              36.81409838700006
            ],
            [
              70.47226829400006,
              36.823221954000076
            ],
            [
              70.47915427000004,
              36.82989843200005
            ],
            [
              70.48701065600005,
              36.83710176400007
            ],
            [
              70.49245564300003,
              36.844355689000054
            ],
            [
              70.49521041500003,
              36.84774257000004
            ],
            [
              70.49835469700008,
              36.85235881600005
            ],
            [
              70.50058235600005,
              36.85544197000007
            ],
            [
              70.50074299300007,
              36.861249878000024
            ],
            [
              70.50124566500006,
              36.867483538000045
            ],
            [
              70.50198759900007,
              36.871052219000035
            ],
            [
              70.49801452400006,
              36.885776555000064
            ],
            [
              70.49738582500004,
              36.89316794200005
            ],
            [
              70.49841184700006,
              36.901421576000075
            ],
            [
              70.50686654700007,
              36.91414694900004
            ],
            [
              70.51436667000009,
              36.923417382000025
            ],
            [
              70.53793907200003,
              36.93640895200008
            ],
            [
              70.55399910500006,
              36.94984332100006
            ],
            [
              70.56396433600008,
              36.96089576000003
            ],
            [
              70.56855021300004,
              36.96796520800007
            ],
            [
              70.56783632100007,
              36.976169739000056
            ],
            [
              70.57005328200006,
              36.98451575400003
            ],
            [
              70.57536154500008,
              37.001598787000034
            ],
            [
              70.57544391800009,
              37.009200762000035
            ],
            [
              70.57801435800008,
              37.01417590900007
            ],
            [
              70.58395374600008,
              37.02198355400003
            ],
            [
              70.58943310100007,
              37.02903151100003
            ],
            [
              70.59575089500004,
              37.03647054600003
            ],
            [
              70.60717779200007,
              37.04692803000006
            ],
            [
              70.61867486400007,
              37.063500960000056
            ],
            [
              70.63086621300005,
              37.078094487000044
            ],
            [
              70.63463795500007,
              37.09830317500007
            ],
            [
              70.63959428100003,
              37.10839116000005
            ],
            [
              70.64026332300006,
              37.11454863400007
            ],
            [
              70.64113821100005,
              37.12026575700003
            ],
            [
              70.64599881300006,
              37.12591941000005
            ],
            [
              70.65107344800003,
              37.13074277100003
            ],
            [
              70.65906009900004,
              37.13918373300004
            ],
            [
              70.66999297300003,
              37.15167669200008
            ],
            [
              70.67797179000007,
              37.16359584500003
            ],
            [
              70.68268652600005,
              37.175602361000074
            ],
            [
              70.68807672000008,
              37.187547066000036
            ],
            [
              70.69459275900005,
              37.21206779000005
            ],
            [
              70.69981255900007,
              37.233589180000024
            ],
            [
              70.70759887400004,
              37.24594689200006
            ],
            [
              70.71340929900003,
              37.257009605000064
            ],
            [
              70.71851176700005,
              37.26613432100004
            ],
            [
              70.73289445300003,
              37.28305183300006
            ],
            [
              70.74653714000004,
              37.296030640000026
            ],
            [
              70.75984086000005,
              37.31170869600004
            ],
            [
              70.75707588800003,
              37.320457342000054
            ],
            [
              70.75027697800004,
              37.34319949800005
            ],
            [
              70.74535688100008,
              37.36273006000005
            ],
            [
              70.74343240000007,
              37.378612575000034
            ],
            [
              70.74096992200003,
              37.39633624500005
            ],
            [
              70.74253544500004,
              37.408209535000026
            ],
            [
              70.73992555600006,
              37.41171630100007
            ],
            [
              70.74188073600004,
              37.42344852400004
            ],
            [
              70.73589631100003,
              37.438458612000034
            ],
            [
              70.73106121800004,
              37.45045381600005
            ],
            [
              70.72129399500005,
              37.47242832500007
            ],
            [
              70.71310373100005,
              37.48650678300004
            ],
            [
              70.70819843500004,
              37.50181670200005
            ],
            [
              70.69567556400006,
              37.505544464000025
            ],
            [
              70.68074392800008,
              37.51196358100003
            ],
            [
              70.67423377000006,
              37.52528838300004
            ],
            [
              70.66915396800005,
              37.537217861000045
            ],
            [
              70.67022570700004,
              37.55288849900006
            ],
            [
              70.66084258700005,
              37.565967245000024
            ],
            [
              70.64703414700006,
              37.58155427600008
            ],
            [
              70.64193006200003,
              37.59034334000006
            ],
            [
              70.63847201800007,
              37.60197633100006
            ],
            [
              70.64195614600004,
              37.61995789400004
            ],
            [
              70.65308216700004,
              37.63149229100003
            ],
            [
              70.65189323500005,
              37.64161303800006
            ],
            [
              70.64622477400007,
              37.64676416800006
            ],
            [
              70.63944337500004,
              37.65424442800003
            ],
            [
              70.63320898700005,
              37.65510941100007
            ],
            [
              70.62671454900004,
              37.655802133000066
            ],
            [
              70.61923083200003,
              37.657216281000046
            ],
            [
              70.60507667200005,
              37.661761521000074
            ],
            [
              70.59102457300008,
              37.66608508200005
            ],
            [
              70.57476926700008,
              37.66681119500004
            ],
            [
              70.56146569300006,
              37.66885079100007
            ],
            [
              70.55091840600005,
              37.67812399600007
            ],
            [
              70.54261804900005,
              37.68951306500003
            ],
            [
              70.53180852700007,
              37.700704733000066
            ],
            [
              70.52935171500008,
              37.70990370000004
            ],
            [
              70.52798629600005,
              37.71898375400008
            ],
            [
              70.52583214500004,
              37.72560515600003
            ],
            [
              70.52673560000005,
              37.73332276700006
            ],
            [
              70.52591979400007,
              37.74330202300007
            ],
            [
              70.52650044300003,
              37.75432712500003
            ],
            [
              70.52773437000008,
              37.76265658800003
            ],
            [
              70.52063915800005,
              37.768223910000074
            ],
            [
              70.51786494200007,
              37.77535043200004
            ],
            [
              70.51143180300005,
              37.77737248500006
            ],
            [
              70.50767525400005,
              37.78635494400004
            ],
            [
              70.49679108200007,
              37.789745151000034
            ],
            [
              70.49024228900004,
              37.79738994100006
            ],
            [
              70.48177485600007,
              37.798777038000026
            ],
            [
              70.47312373500006,
              37.79986377300003
            ],
            [
              70.46249050700004,
              37.805130621000046
            ],
            [
              70.45452095700006,
              37.80889521300003
            ],
            [
              70.44887745500006,
              37.81255800900004
            ],
            [
              70.44723298800005,
              37.81533850200003
            ],
            [
              70.44412447000008,
              37.81845972200006
            ],
            [
              70.44177686600007,
              37.82477996000006
            ],
            [
              70.43764909100008,
              37.82936132700007
            ],
            [
              70.43090349900007,
              37.831224174000056
            ],
            [
              70.42441782100008,
              37.831166876000054
            ],
            [
              70.41947521200007,
              37.831288690000065
            ],
            [
              70.41291222500007,
              37.833450492000054
            ],
            [
              70.40355035500005,
              37.83533267800004
            ],
            [
              70.38715246800007,
              37.83625525700006
            ],
            [
              70.37624651200008,
              37.83795565400004
            ],
            [
              70.36749944100006,
              37.841515972000025
            ],
            [
              70.36230516000006,
              37.846033900000066
            ],
            [
              70.35832761400007,
              37.85439218400006
            ],
            [
              70.35518749900007,
              37.85825117400003
            ],
            [
              70.32938508800005,
              37.86162199100005
            ],
            [
              70.31882718700007,
              37.868142264000035
            ],
            [
              70.30779524500008,
              37.87495318600003
            ],
            [
              70.29978395900008,
              37.88017045200007
            ],
            [
              70.29370794900007,
              37.88398390400005
            ],
            [
              70.29103470300004,
              37.89039068300008
            ],
            [
              70.28987068100008,
              37.89885926900007
            ],
            [
              70.28964937800004,
              37.90848700200007
            ],
            [
              70.28804405500006,
              37.91703542400006
            ],
            [
              70.27479220000004,
              37.92784727700007
            ],
            [
              70.26101502000006,
              37.94550694600008
            ],
            [
              70.24313105400006,
              37.95435280100003
            ],
            [
              70.23485156700008,
              37.96552481500004
            ],
            [
              70.23182091100006,
              37.989050433000045
            ],
            [
              70.23277903600007,
              38.01351425000008
            ],
            [
              70.24111155700007,
              38.035146472000065
            ],
            [
              70.23705373500007,
              38.05180830200004
            ],
            [
              70.23890338600006,
              38.06473274500007
            ],
            [
              70.24260517100004,
              38.08116269100003
            ],
            [
              70.24532487900007,
              38.092684150000025
            ],
            [
              70.24898540600003,
              38.107158182000035
            ],
            [
              70.25414541700007,
              38.12055365200007
            ],
            [
              70.26127590100003,
              38.13434663800007
            ],
            [
              70.26523187800007,
              38.144117055000045
            ],
            [
              70.27490181100006,
              38.17147024700006
            ],
            [
              70.28488051400006,
              38.19696327400004
            ],
            [
              70.29264720900005,
              38.21765471200007
            ],
            [
              70.30177522000008,
              38.23797458800004
            ],
            [
              70.30836833200006,
              38.25744074800008
            ],
            [
              70.31431891200003,
              38.275382483000044
            ],
            [
              70.31668328200004,
              38.30040214700006
            ],
            [
              70.31457446900004,
              38.31177663900007
            ],
            [
              70.29769402000005,
              38.32728318900007
            ],
            [
              70.29345524200005,
              38.33283641500003
            ],
            [
              70.28969705200007,
              38.34599753100008
            ],
            [
              70.28903256600007,
              38.36091257800007
            ],
            [
              70.28094594000004,
              38.37078278000007
            ],
            [
              70.29046420800006,
              38.38089290900007
            ],
            [
              70.30892628600003,
              38.397810969000034
            ],
            [
              70.32352677100005,
              38.408425191000056
            ],
            [
              70.33806727300004,
              38.42081378000006
            ],
            [
              70.33918113200008,
              38.44025388800003
            ],
            [
              70.34589876200005,
              38.45376743600008
            ],
            [
              70.34684342600008,
              38.46658364100006
            ],
            [
              70.35005032300006,
              38.483312358000035
            ],
            [
              70.35762911800003,
              38.49422163000003
            ],
            [
              70.36700048300008,
              38.50709521300007
            ],
            [
              70.38395632500004,
              38.51702261600008
            ],
            [
              70.40125200700004,
              38.53030444400008
            ],
            [
              70.41628836900003,
              38.54296079000005
            ],
            [
              70.43100418700004,
              38.55110227600005
            ],
            [
              70.44384612700003,
              38.556665416000044
            ],
            [
              70.46450090800005,
              38.56667313300005
            ],
            [
              70.48028317400008,
              38.578625773000056
            ],
            [
              70.49283453700008,
              38.59073995700004
            ],
            [
              70.50862134200008,
              38.602837313000066
            ],
            [
              70.51604514900004,
              38.60546961700004
            ],
            [
              70.52500266000004,
              38.613700074000064
            ],
            [
              70.52828888600004,
              38.618384528000036
            ],
            [
              70.53413051400008,
              38.62157771700004
            ],
            [
              70.54026969600005,
              38.625250305000066
            ],
            [
              70.55188176900005,
              38.636195790000045
            ],
            [
              70.54993719500004,
              38.65458376200007
            ],
            [
              70.54720839800007,
              38.663596109000025
            ],
            [
              70.53885071800005,
              38.672263600000065
            ],
            [
              70.53281522200007,
              38.67937566100005
            ],
            [
              70.52751714100003,
              38.68549451400003
            ],
            [
              70.52536572400004,
              38.68888932300007
            ],
            [
              70.51978917200007,
              38.69393610800006
            ],
            [
              70.51229239000008,
              38.70244103700003
            ],
            [
              70.49562612700004,
              38.72237957200009
            ],
            [
              70.46032860200006,
              38.734424868000076
            ],
            [
              70.44246625200003,
              38.743076391000045
            ],
            [
              70.41668416600004,
              38.76051339300005
            ],
            [
              70.40535388500007,
              38.76378100300008
            ],
            [
              70.38148367000008,
              38.777754335000054
            ],
            [
              70.36035845100008,
              38.79586829500005
            ],
            [
              70.34688091200007,
              38.803302178000024
            ],
            [
              70.32374988500004,
              38.814310086000035
            ],
            [
              70.30759516100005,
              38.81823952900004
            ],
            [
              70.29080012600008,
              38.824582958000065
            ],
            [
              70.27427934500008,
              38.829804298000056
            ],
            [
              70.26846431700005,
              38.834184451000056
            ],
            [
              70.26185021500004,
              38.841232889000025
            ],
            [
              70.25735487900005,
              38.84413050500007
            ],
            [
              70.24655873300003,
              38.85511422700006
            ],
            [
              70.23852426500008,
              38.863285663000056
            ],
            [
              70.23307933900003,
              38.872987685000055
            ],
            [
              70.22931078900007,
              38.875242126000046
            ],
            [
              70.22257024900006,
              38.883155970000075
            ],
            [
              70.21835835500008,
              38.88857605100003
            ],
            [
              70.21709310000007,
              38.89500774100003
            ],
            [
              70.22105884300004,
              38.906470571000064
            ],
            [
              70.23025766600006,
              38.91403943700004
            ],
            [
              70.25904954600003,
              38.91812741800004
            ],
            [
              70.27429871500004,
              38.921242104000044
            ],
            [
              70.29670114600003,
              38.92010722400005
            ],
            [
              70.32026146700008,
              38.920599002000074
            ],
            [
              70.34182461000006,
              38.92631914000003
            ],
            [
              70.36269051200003,
              38.93184366700007
            ],
            [
              70.38801764700008,
              38.935796173000035
            ],
            [
              70.40502554400007,
              38.941650450000054
            ],
            [
              70.43358381200005,
              38.94328892300007
            ],
            [
              70.4566003130001,
              38.94380457200003
            ],
            [
              70.48011105300003,
              38.94823663200003
            ],
            [
              70.49844285300003,
              38.95244546300006
            ],
            [
              70.52036286800006,
              38.955239504000076
            ],
            [
              70.55036151000007,
              38.961027984000054
            ],
            [
              70.56551461200007,
              38.97352160400004
            ],
            [
              70.57531719600007,
              38.98415638900008
            ],
            [
              70.59174940600008,
              38.98882837400004
            ],
            [
              70.61180972200003,
              38.99504411000004
            ],
            [
              70.62011747700006,
              38.996940351000035
            ],
            [
              70.62681733700003,
              38.99896014900003
            ],
            [
              70.63714160700005,
              39.00176545000005
            ],
            [
              70.65070550300004,
              39.00540678100003
            ],
            [
              70.66001432700006,
              39.00638207500003
            ],
            [
              70.67168707600007,
              39.00795660900008
            ],
            [
              70.68747940700007,
              39.008656158000065
            ],
            [
              70.70665151700007,
              39.00947335700005
            ],
            [
              70.72461677800004,
              39.01115520500008
            ],
            [
              70.75320132000007,
              39.01550915900003
            ],
            [
              70.76802326200004,
              39.01713009600007
            ],
            [
              70.78102073300005,
              39.019251146000045
            ],
            [
              70.79500933200006,
              39.019847362000064
            ],
            [
              70.81098611100003,
              39.02237202100008
            ],
            [
              70.81878504400004,
              39.022089863000076
            ],
            [
              70.82591229200006,
              39.02321791800006
            ],
            [
              70.83993322400005,
              39.02540968300008
            ],
            [
              70.84911662500008,
              39.02888182700008
            ],
            [
              70.85985988100003,
              39.030187021000074
            ],
            [
              70.8720582810001,
              39.032878227000026
            ],
            [
              70.89224042500007,
              39.03712159600008
            ],
            [
              70.90730258000008,
              39.04157476000006
            ],
            [
              70.92513413700006,
              39.041442474000064
            ],
            [
              70.94518361700005,
              39.047073829000055
            ],
            [
              70.95784214900004,
              39.05007671800007
            ],
            [
              70.96215235100004,
              39.051422530000025
            ],
            [
              70.97748462800007,
              39.05874316000006
            ],
            [
              70.99027564200003,
              39.06387550100004
            ],
            [
              71.00855843600004,
              39.06653400400006
            ],
            [
              71.02278377000005,
              39.07128443800008
            ],
            [
              71.03720037700003,
              39.08071517500008
            ],
            [
              71.04541815900006,
              39.08644180600004
            ],
            [
              71.05248443600004,
              39.08989812900006
            ],
            [
              71.07741032800004,
              39.10034692600005
            ],
            [
              71.10014052500003,
              39.10227425300008
            ],
            [
              71.11404221000004,
              39.10532703400003
            ],
            [
              71.13826620200007,
              39.10468197800003
            ],
            [
              71.16089036900007,
              39.10714185100005
            ],
            [
              71.17370329900007,
              39.11135424600008
            ],
            [
              71.18791730300006,
              39.11315597600003
            ],
            [
              71.19857114500007,
              39.11241761200006
            ],
            [
              71.22277269100005,
              39.10534985500004
            ],
            [
              71.25635855100006,
              39.104153222000036
            ],
            [
              71.28111555100008,
              39.103185085000064
            ],
            [
              71.30483528800005,
              39.10610894400003
            ],
            [
              71.32602810200007,
              39.105973756000026
            ],
            [
              71.35636640700005,
              39.10547929900008
            ],
            [
              71.38907009700006,
              39.10838489100007
            ],
            [
              71.40903638600008,
              39.11029453200007
            ],
            [
              71.42531882000003,
              39.11499955100004
            ],
            [
              71.44617672500004,
              39.11952144800006
            ],
            [
              71.47852142100004,
              39.128226195000025
            ],
            [
              71.50615117000007,
              39.13753957000006
            ],
            [
              71.52918270600003,
              39.14420669100008
            ],
            [
              71.55041718600006,
              39.149158312000054
            ],
            [
              71.57320268600006,
              39.15899770900006
            ],
            [
              71.57637585200007,
              39.172708930000056
            ],
            [
              71.57350525000004,
              39.17830531900006
            ],
            [
              71.56707999900004,
              39.192097216000036
            ],
            [
              71.56155967500007,
              39.19997425100007
            ],
            [
              71.56139272700005,
              39.212236990000065
            ],
            [
              71.56438131600004,
              39.22056572500003
            ],
            [
              71.56665236100008,
              39.22930109600003
            ],
            [
              71.57084287100008,
              39.24469411300004
            ],
            [
              71.58853365100003,
              39.26402973300003
            ],
            [
              71.59831718100008,
              39.27306743400004
            ],
            [
              71.60971720600008,
              39.281861793000076
            ],
            [
              71.62312262600005,
              39.29196103800007
            ],
            [
              71.63841383000005,
              39.30172463700006
            ],
            [
              71.64889251800008,
              39.31558307000006
            ],
            [
              71.67775640700006,
              39.330877831000066
            ],
            [
              71.68993063800008,
              39.34338797000004
            ],
            [
              71.70574857900004,
              39.36002277700004
            ],
            [
              71.71727747100005,
              39.36938348500007
            ],
            [
              71.72361587600005,
              39.37738749300007
            ],
            [
              71.72565566100008,
              39.38268165300008
            ],
            [
              71.73601860000008,
              39.395702897000035
            ],
            [
              71.74344939600007,
              39.40478353000003
            ],
            [
              71.76905996800008,
              39.41463420100007
            ],
            [
              71.79020621100005,
              39.42478550200008
            ],
            [
              71.80531685500006,
              39.432401499000036
            ],
            [
              71.83372359400005,
              39.44078575800006
            ],
            [
              71.85560895500004,
              39.44270423800003
            ]
          ]
        ]
      },
      "properties": {
        "OBJECTID": 1,
        "Shape_Leng": 10093966.0973,
        "Shape_Le_1": 103.706433511,
        "Shape_Area": 299.850831681
      }
    }
  ]
}